week;indicator;inc;inc_low;inc_up;inc100;inc100_low;inc100_up;geo_insee;geo_name
202428;6;33991;27237;40745;51;41;61;FR;France
202427;6;35487;29351;41623;53;44;62;FR;France
202426;6;35303;28919;41687;53;43;63;FR;France
202425;6;48061;40803;55319;72;61;83;FR;France
202424;6;40812;32673;48951;61;49;73;FR;France
202423;6;40623;34260;46986;61;51;71;FR;France
202422;6;39663;33003;46323;59;49;69;FR;France
202421;6;36164;29689;42639;54;44;64;FR;France
202420;6;38603;32421;44785;58;49;67;FR;France
202419;6;32224;26505;37943;48;39;57;FR;France
202418;6;45037;38032;52042;68;57;79;FR;France
202417;6;36442;29996;42888;55;45;65;FR;France
202416;6;40194;33407;46981;60;50;70;FR;France
202415;6;53036;44925;61147;80;68;92;FR;France
202414;6;54150;46016;62284;81;69;93;FR;France
202413;6;53814;46374;61254;81;70;92;FR;France
202412;6;52266;45168;59364;78;67;89;FR;France
202411;6;59584;51876;67292;89;77;101;FR;France
202410;6;45468;38811;52125;68;58;78;FR;France
202409;6;44707;38342;51072;67;57;77;FR;France
202408;6;50363;38935;61791;76;59;93;FR;France
202407;6;57108;49490;64726;86;75;97;FR;France
202406;6;61250;54033;68467;92;81;103;FR;France
202405;6;66839;59725;73953;100;89;111;FR;France
202404;6;70989;63475;78503;106;95;117;FR;France
202403;6;83990;75832;92148;126;114;138;FR;France
202402;6;81801;73218;90384;123;110;136;FR;France
202401;6;83150;73359;92941;125;110;140;FR;France
202352;6;83463;72817;94109;126;110;142;FR;France
202351;6;65525;57333;73717;99;87;111;FR;France
202350;6;64345;53000;75690;97;80;114;FR;France
202349;6;58345;50696;65994;88;76;100;FR;France
202348;6;53505;46034;60976;80;69;91;FR;France
202347;6;50813;43660;57966;76;65;87;FR;France
202346;6;48281;41104;55458;73;62;84;FR;France
202345;6;48256;39142;57370;73;59;87;FR;France
202344;6;26656;21408;31904;40;32;48;FR;France
202343;6;32156;26318;37994;48;39;57;FR;France
202342;6;41903;35460;48346;63;53;73;FR;France
202341;6;44087;37791;50383;66;57;75;FR;France
202340;6;47011;40168;53854;71;61;81;FR;France
202339;6;40651;34258;47044;61;51;71;FR;France
202338;6;48707;40762;56652;73;61;85;FR;France
202337;6;40287;33136;47438;61;50;72;FR;France
202336;6;37835;31002;44668;57;47;67;FR;France
202335;6;36934;31105;42763;56;47;65;FR;France
202334;6;36711;30124;43298;55;45;65;FR;France
202333;6;29448;22248;36648;44;33;55;FR;France
202332;6;28410;22449;34371;43;34;52;FR;France
202331;6;31755;25344;38166;48;38;58;FR;France
202330;6;33760;26940;40580;51;41;61;FR;France
202329;6;39114;31577;46651;59;48;70;FR;France
202328;6;30518;24499;36537;46;37;55;FR;France
202327;6;38976;32478;45474;59;49;69;FR;France
202326;6;37176;30926;43426;56;47;65;FR;France
202325;6;40851;34034;47668;61;51;71;FR;France
202324;6;37472;30839;44105;56;46;66;FR;France
202323;6;32263;24503;40023;49;37;61;FR;France
202322;6;32094;26392;37796;48;39;57;FR;France
202321;6;32394;26920;37868;49;41;57;FR;France
202320;6;32381;26485;38277;49;40;58;FR;France
202319;6;36968;30642;43294;56;46;66;FR;France
202318;6;31229;25384;37074;47;38;56;FR;France
202317;6;36600;29080;44120;55;44;66;FR;France
202316;6;46561;39560;53562;70;59;81;FR;France
202315;6;47864;40929;54799;72;62;82;FR;France
202314;6;49886;42719;57053;75;64;86;FR;France
202313;6;56959;49747;64171;86;75;97;FR;France
202312;6;63924;56308;71540;96;85;107;FR;France
202311;6;58457;51323;65591;88;77;99;FR;France
202310;6;68728;60947;76509;103;91;115;FR;France
202309;6;70624;62555;78693;106;94;118;FR;France
202308;6;61027;53600;68454;92;81;103;FR;France
202307;6;53302;46161;60443;80;69;91;FR;France
202306;6;78886;69918;87854;119;106;132;FR;France
202305;6;84883;76426;93340;128;115;141;FR;France
202304;6;82808;74250;91366;125;112;138;FR;France
202303;6;65106;57670;72542;98;87;109;FR;France
202302;6;70950;61984;79916;107;94;120;FR;France
202301;6;79455;70133;88777;120;106;134;FR;France
202252;6;70434;59133;81735;106;89;123;FR;France
202251;6;38595;32459;44731;58;49;67;FR;France
202250;6;47794;39745;55843;72;60;84;FR;France
202249;6;44943;38688;51198;68;59;77;FR;France
202248;6;44462;38570;50354;67;58;76;FR;France
202247;6;44620;38361;50879;67;58;76;FR;France
202246;6;51944;45003;58885;78;68;88;FR;France
202245;6;48623;41474;55772;73;62;84;FR;France
202244;6;33206;27072;39340;50;41;59;FR;France
202243;6;36160;30008;42312;55;46;64;FR;France
202242;6;48467;41512;55422;73;63;83;FR;France
202241;6;47562;41170;53954;72;62;82;FR;France
202240;6;48240;41148;55332;73;62;84;FR;France
202239;6;47121;40746;53496;71;61;81;FR;France
202238;6;48056;41426;54686;72;62;82;FR;France
202237;6;50598;43785;57411;76;66;86;FR;France
202236;6;43774;37455;50093;66;56;76;FR;France
202235;6;41152;33918;48386;62;51;73;FR;France
202234;6;38627;32325;44929;58;48;68;FR;France
202233;6;50897;32430;69364;77;49;105;FR;France
202232;6;47166;38978;55354;71;59;83;FR;France
202231;6;45782;37731;53833;69;57;81;FR;France
202230;6;42938;35483;50393;65;54;76;FR;France
202229;6;35908;29348;42468;54;44;64;FR;France
202228;6;36539;29687;43391;55;45;65;FR;France
202227;6;40483;33736;47230;61;51;71;FR;France
202226;6;37482;31458;43506;57;48;66;FR;France
202225;6;38627;32682;44572;58;49;67;FR;France
202224;6;36174;30427;41921;55;46;64;FR;France
202223;6;36798;30893;42703;55;46;64;FR;France
202222;6;37079;30946;43212;56;47;65;FR;France
202221;6;28101;23463;32739;42;35;49;FR;France
202220;6;39938;34119;45757;60;51;69;FR;France
202219;6;36300;30651;41949;55;46;64;FR;France
202218;6;41132;34577;47687;62;52;72;FR;France
202217;6;39904;33570;46238;60;50;70;FR;France
202216;6;38255;32390;44120;58;49;67;FR;France
202215;6;40287;33838;46736;61;51;71;FR;France
202214;6;57806;50550;65062;87;76;98;FR;France
202213;6;52709;45785;59633;79;69;89;FR;France
202212;6;52539;45975;59103;79;69;89;FR;France
202211;6;61066;53894;68238;92;81;103;FR;France
202210;6;68668;61378;75958;104;93;115;FR;France
202209;6;61739;53410;70068;93;80;106;FR;France
202208;6;60516;52353;68679;91;79;103;FR;France
202207;6;58478;51453;65503;88;77;99;FR;France
202206;6;53837;47081;60593;81;71;91;FR;France
202205;6;62759;55471;70047;95;84;106;FR;France
202204;6;62459;55365;69553;94;83;105;FR;France
202203;6;66988;59422;74554;101;90;112;FR;France
202202;6;63720;55820;71620;96;84;108;FR;France
202201;6;74669;66021;83317;113;100;126;FR;France
202152;6;69372;60892;77852;105;92;118;FR;France
202151;6;58874;50456;67292;89;76;102;FR;France
202150;6;83022;73570;92474;126;112;140;FR;France
202149;6;78884;70975;86793;119;107;131;FR;France
202148;6;79637;71826;87448;121;109;133;FR;France
202147;6;76398;68529;84267;116;104;128;FR;France
202146;6;75498;67122;83874;114;101;127;FR;France
202145;6;65839;58392;73286;100;89;111;FR;France
202144;6;52805;45982;59628;80;70;90;FR;France
202143;6;52080;45039;59121;79;68;90;FR;France
202142;6;81371;72868;89874;123;110;136;FR;France
202141;6;70043;62725;77361;106;95;117;FR;France
202140;6;59550;52212;66888;90;79;101;FR;France
202139;6;57602;50626;64578;87;76;98;FR;France
202138;6;49876;43432;56320;75;65;85;FR;France
202137;6;51753;45040;58466;78;68;88;FR;France
202136;6;48413;41695;55131;73;63;83;FR;France
202135;6;40091;34101;46081;61;52;70;FR;France
202134;6;33302;27492;39112;50;41;59;FR;France
202133;6;34925;28505;41345;53;43;63;FR;France
202132;6;32747;26254;39240;50;40;60;FR;France
202131;6;39228;31828;46628;59;48;70;FR;France
202130;6;46931;37545;56317;71;57;85;FR;France
202129;6;42152;35163;49141;64;53;75;FR;France
202128;6;43016;35762;50270;65;54;76;FR;France
202127;6;41534;34920;48148;63;53;73;FR;France
202126;6;37497;31688;43306;57;48;66;FR;France
202125;6;38157;32535;43779;58;49;67;FR;France
202124;6;39831;34176;45486;60;51;69;FR;France
202123;6;42066;35809;48323;64;55;73;FR;France
202122;6;35027;29617;40437;53;45;61;FR;France
202121;6;30168;25315;35021;46;39;53;FR;France
202120;6;41745;34859;48631;63;53;73;FR;France
202119;6;29037;23859;34215;44;36;52;FR;France
202118;6;30434;24688;36180;46;37;55;FR;France
202117;6;27074;22375;31773;41;34;48;FR;France
202116;6;28008;22709;33307;42;34;50;FR;France
202115;6;23412;18882;27942;35;28;42;FR;France
202114;6;26898;22155;31641;41;34;48;FR;France
202113;6;40733;34739;46727;62;53;71;FR;France
202112;6;47025;40502;53548;71;61;81;FR;France
202111;6;52212;45335;59089;79;69;89;FR;France
202110;6;48071;42269;53873;73;64;82;FR;France
202109;6;43621;37786;49456;66;57;75;FR;France
202108;6;39490;33935;45045;60;52;68;FR;France
202107;6;48693;42732;54654;74;65;83;FR;France
202106;6;49604;43493;55715;75;66;84;FR;France
202105;6;51918;45454;58382;79;69;89;FR;France
202104;6;56873;50107;63639;86;76;96;FR;France
202103;6;48932;43012;54852;74;65;83;FR;France
202102;6;48466;42577;54355;73;64;82;FR;France
202101;6;53429;47168;59690;81;72;90;FR;France
202053;6;38686;32035;45337;59;49;69;FR;France
202052;6;23016;17942;28090;35;27;43;FR;France
202051;6;40071;34085;46057;61;52;70;FR;France
202050;6;45145;39198;51092;69;60;78;FR;France
202049;6;39756;34255;45257;60;52;68;FR;France
202048;6;34874;29655;40093;53;45;61;FR;France
202047;6;36681;31261;42101;56;48;64;FR;France
202046;6;32306;27324;37288;49;41;57;FR;France
202045;6;37453;31917;42989;57;49;65;FR;France
202044;6;29173;24106;34240;44;36;52;FR;France
202043;6;27471;22612;32330;42;35;49;FR;France
202042;6;33182;27970;38394;50;42;58;FR;France
202041;6;39759;34112;45406;60;51;69;FR;France
202040;6;42120;36207;48033;64;55;73;FR;France
202039;6;37829;32201;43457;57;48;66;FR;France
202038;6;33204;27967;38441;50;42;58;FR;France
202037;6;32473;27393;37553;49;41;57;FR;France
202036;6;30314;25445;35183;46;39;53;FR;France
202035;6;32036;26665;37407;49;41;57;FR;France
202034;6;34736;28780;40692;53;44;62;FR;France
202033;6;35308;28939;41677;54;44;64;FR;France
202032;6;42688;35273;50103;65;54;76;FR;France
202031;6;32420;26386;38454;49;40;58;FR;France
202030;6;34720;28758;40682;53;44;62;FR;France
202029;6;34766;28894;40638;53;44;62;FR;France
202028;6;35546;29713;41379;54;45;63;FR;France
202027;6;36509;30933;42085;55;47;63;FR;France
202026;6;33433;28411;38455;51;43;59;FR;France
202025;6;33476;28540;38412;51;44;58;FR;France
202024;6;38007;32685;43329;58;50;66;FR;France
202023;6;28406;23794;33018;43;36;50;FR;France
202022;6;24730;20479;28981;38;32;44;FR;France
202021;6;23601;19222;27980;36;29;43;FR;France
202020;6;25809;21434;30184;39;32;46;FR;France
202019;6;19972;16290;23654;30;24;36;FR;France
202018;6;18593;14878;22308;28;22;34;FR;France
202017;6;21673;17585;25761;33;27;39;FR;France
202016;6;19006;15179;22833;29;23;35;FR;France
202015;6;16596;13062;20130;25;20;30;FR;France
202014;6;22132;18155;26109;34;28;40;FR;France
202013;6;22111;18239;25983;34;28;40;FR;France
202012;6;35091;29906;40276;53;45;61;FR;France
202011;6;62042;55620;68464;94;84;104;FR;France
202010;6;67077;60474;73680;102;92;112;FR;France
202009;6;62416;55810;69022;95;85;105;FR;France
202008;6;53597;47507;59687;81;72;90;FR;France
202007;6;62436;56082;68790;95;85;105;FR;France
202006;6;83456;76336;90576;127;116;138;FR;France
202005;6;99468;91754;107182;151;139;163;FR;France
202004;6;122599;114050;131148;186;173;199;FR;France
202003;6;163260;153252;173268;248;233;263;FR;France
202002;6;229532;217408;241656;349;331;367;FR;France
202001;6;210696;198147;223245;320;301;339;FR;France
201952;6;144554;133930;155178;220;204;236;FR;France
201951;6;107525;98677;116373;163;150;176;FR;France
201950;6;101439;93025;109853;154;141;167;FR;France
201949;6;92890;84875;100905;141;129;153;FR;France
201948;6;89630;81425;97835;136;124;148;FR;France
201947;6;83663;75615;91711;127;115;139;FR;France
201946;6;74991;67084;82898;114;102;126;FR;France
201945;6;74254;66221;82287;113;101;125;FR;France
201944;6;56349;49263;63435;86;75;97;FR;France
201943;6;59765;52214;67316;91;80;102;FR;France
201942;6;80602;72254;88950;122;109;135;FR;France
201941;6;77085;69155;85015;117;105;129;FR;France
201940;6;72801;64877;80725;111;99;123;FR;France
201939;6;77010;68613;85407;117;104;130;FR;France
201938;6;65336;57551;73121;99;87;111;FR;France
201937;6;64873;56968;72778;99;87;111;FR;France
201936;6;51542;44790;58294;78;68;88;FR;France
201935;6;45448;38334;52562;69;58;80;FR;France
201934;6;52077;43884;60270;79;67;91;FR;France
201933;6;49930;41644;58216;76;63;89;FR;France
201932;6;60825;51538;70112;92;78;106;FR;France
201931;6;56340;47823;64857;86;73;99;FR;France
201930;6;51017;43085;58949;77;65;89;FR;France
201929;6;53727;45302;62152;82;69;95;FR;France
201928;6;53066;45228;60904;81;69;93;FR;France
201927;6;42277;35858;48696;64;54;74;FR;France
201926;6;40491;34319;46663;62;53;71;FR;France
201925;6;42264;35950;48578;64;54;74;FR;France
201924;6;43163;36719;49607;66;56;76;FR;France
201923;6;47136;40476;53796;72;62;82;FR;France
201922;6;41638;35233;48043;63;53;73;FR;France
201921;6;55196;47052;63340;84;72;96;FR;France
201920;6;60446;52818;68074;92;80;104;FR;France
201919;6;63347;55591;71103;96;84;108;FR;France
201918;6;57634;49952;65316;88;76;100;FR;France
201917;6;49956;42867;57045;76;65;87;FR;France
201916;6;58991;51091;66891;90;78;102;FR;France
201915;6;72506;64033;80979;110;97;123;FR;France
201914;6;87007;78001;96013;132;118;146;FR;France
201913;6;81571;72985;90157;124;111;137;FR;France
201912;6;82994;74297;91691;126;113;139;FR;France
201911;6;86731;78197;95265;132;119;145;FR;France
201910;6;78664;70407;86921;119;106;132;FR;France
201909;6;74267;66315;82219;113;101;125;FR;France
201908;6;70637;62620;78654;107;95;119;FR;France
201907;6;83320;74755;91885;127;114;140;FR;France
201906;6;90680;82059;99301;138;125;151;FR;France
201905;6;93621;85225;102017;142;129;155;FR;France
201904;6;107212;98015;116409;163;149;177;FR;France
201903;6;112960;103329;122591;172;157;187;FR;France
201902;6;113681;104002;123360;173;158;188;FR;France
201901;6;94377;84766;103988;143;128;158;FR;France
201852;6;82346;72706;91986;125;110;140;FR;France
201851;6;105705;95471;115939;161;145;177;FR;France
201850;6;98801;89264;108338;150;135;165;FR;France
201849;6;97272;87842;106702;148;134;162;FR;France
201848;6;95711;86350;105072;146;132;160;FR;France
201847;6;92783;83357;102209;141;127;155;FR;France
201846;6;89225;80111;98339;136;122;150;FR;France
201845;6;88878;79813;97943;135;121;149;FR;France
201844;6;58895;50822;66968;90;78;102;FR;France
201843;6;61575;53294;69856;94;81;107;FR;France
201842;6;67213;58705;75721;102;89;115;FR;France
201841;6;71766;63100;80432;109;96;122;FR;France
201840;6;76326;67366;85286;116;102;130;FR;France
201839;6;72471;63290;81652;110;96;124;FR;France
201838;6;70702;61718;79686;108;94;122;FR;France
201837;6;64633;56004;73262;98;85;111;FR;France
201836;6;54874;46744;63004;84;72;96;FR;France
201835;6;53201;44939;61463;81;68;94;FR;France
201834;6;50837;42026;59648;77;64;90;FR;France
201833;6;43805;35248;52362;67;54;80;FR;France
201832;6;50023;41054;58992;76;62;90;FR;France
201831;6;54509;45329;63689;83;69;97;FR;France
201830;6;52720;43665;61775;80;66;94;FR;France
201829;6;53770;44774;62766;82;68;96;FR;France
201828;6;41362;33563;49161;63;51;75;FR;France
201827;6;46775;38762;54788;71;59;83;FR;France
201826;6;42444;35301;49587;65;54;76;FR;France
201825;6;44220;37095;51345;67;56;78;FR;France
201824;6;51683;44369;58997;79;68;90;FR;France
201823;6;49892;42513;57271;76;65;87;FR;France
201822;6;52401;44999;59803;80;69;91;FR;France
201821;6;42127;35395;48859;64;54;74;FR;France
201820;6;50093;42726;57460;76;65;87;FR;France
201819;6;40251;33034;47468;61;50;72;FR;France
201818;6;48686;40450;56922;74;61;87;FR;France
201817;6;52738;44604;60872;80;68;92;FR;France
201816;6;57037;49022;65052;87;75;99;FR;France
201815;6;73405;64738;82072;112;99;125;FR;France
201814;6;77403;68774;86032;118;105;131;FR;France
201813;6;98520;85515;111525;150;130;170;FR;France
201812;6;91499;82004;100994;139;125;153;FR;France
201811;6;84515;75181;93849;129;115;143;FR;France
201810;6;79744;71224;88264;121;108;134;FR;France
201809;6;76789;68365;85213;117;104;130;FR;France
201808;6;78422;69937;86907;119;106;132;FR;France
201807;6;89766;80998;98534;137;124;150;FR;France
201806;6;91562;82516;100608;139;125;153;FR;France
201805;6;92615;83928;101302;141;128;154;FR;France
201804;6;104004;94891;113117;158;144;172;FR;France
201803;6;113663;104160;123166;173;159;187;FR;France
201802;6;119499;109696;129302;182;167;197;FR;France
201801;6;105319;95542;115096;160;145;175;FR;France
201752;6;103087;92293;113881;158;141;175;FR;France
201751;6;106722;96215;117229;164;148;180;FR;France
201750;6;117856;107881;127831;181;166;196;FR;France
201749;6;117704;107629;127779;181;166;196;FR;France
201748;6;110305;100220;120390;169;154;184;FR;France
201747;6;97789;88452;107126;150;136;164;FR;France
201746;6;92139;82392;101886;141;126;156;FR;France
201745;6;77916;68569;87263;120;106;134;FR;France
201744;6;57094;47508;66680;88;73;103;FR;France
201743;6;58524;49617;67431;90;76;104;FR;France
201742;6;62029;53228;70830;95;81;109;FR;France
201741;6;61114;52390;69838;94;81;107;FR;France
201740;6;61307;52516;70098;94;81;107;FR;France
201739;6;56736;48530;64942;87;74;100;FR;France
201738;6;62770;54216;71324;96;83;109;FR;France
201737;6;62221;53261;71181;96;82;110;FR;France
201736;6;58880;50004;67756;90;76;104;FR;France
201735;6;48938;40819;57057;75;63;87;FR;France
201734;6;49543;41157;57929;76;63;89;FR;France
201733;6;49446;40231;58661;76;62;90;FR;France
201732;6;56076;45677;66475;86;70;102;FR;France
201731;6;53780;44086;63474;83;68;98;FR;France
201730;6;53604;43946;63262;82;67;97;FR;France
201729;6;57091;47257;66925;88;73;103;FR;France
201728;6;40049;31846;48252;61;48;74;FR;France
201727;6;51512;42183;60841;79;65;93;FR;France
201726;6;62015;52237;71793;95;80;110;FR;France
201725;6;52115;44262;59968;80;68;92;FR;France
201724;6;56730;48152;65308;87;74;100;FR;France
201723;6;49725;41968;57482;76;64;88;FR;France
201722;6;51184;43222;59146;79;67;91;FR;France
201721;6;48440;39959;56921;74;61;87;FR;France
201720;6;54667;45886;63448;84;71;97;FR;France
201719;6;65778;56983;74573;101;88;114;FR;France
201718;6;61696;52383;71009;95;81;109;FR;France
201717;6;59282;50392;68172;91;77;105;FR;France
201716;6;55891;47421;64361;86;73;99;FR;France
201715;6;49787;41873;57701;76;64;88;FR;France
201714;6;61224;52541;69907;94;81;107;FR;France
201713;6;69943;60826;79060;107;93;121;FR;France
201712;6;78441;68894;87988;120;105;135;FR;France
201711;6;81992;72175;91809;126;111;141;FR;France
201710;6;89714;79506;99922;138;122;154;FR;France
201709;6;88151;78026;98276;135;119;151;FR;France
201708;6;77283;67175;87391;119;103;135;FR;France
201707;6;85886;74959;96813;132;115;149;FR;France
201706;6;97804;87544;108064;150;134;166;FR;France
201705;6;118266;107161;129371;182;165;199;FR;France
201704;6;120305;109363;131247;185;168;202;FR;France
201703;6;134421;122958;145884;206;188;224;FR;France
201702;6;150597;138270;162924;231;212;250;FR;France
201701;6;161211;148379;174043;247;227;267;FR;France
201652;6;135070;121633;148507;207;186;228;FR;France
201651;6;117040;104262;129818;180;160;200;FR;France
201650;6;138297;125998;150596;212;193;231;FR;France
201649;6;150413;137829;162997;231;212;250;FR;France
201648;6;133890;121827;145953;206;187;225;FR;France
201647;6;127072;115128;139016;195;177;213;FR;France
201646;6;119119;107297;130941;183;165;201;FR;France
201645;6;103129;91728;114530;158;141;175;FR;France
201644;6;92937;81009;104865;143;125;161;FR;France
201643;6;87451;74998;99904;134;115;153;FR;France
201642;6;114587;101881;127293;176;156;196;FR;France
201641;6;103831;92351;115311;159;141;177;FR;France
201640;6;95161;84214;106108;146;129;163;FR;France
201639;6;79001;68945;89057;121;106;136;FR;France
201638;6;79576;68981;90171;122;106;138;FR;France
201637;6;76699;66389;87009;118;102;134;FR;France
201636;6;62973;53756;72190;97;83;111;FR;France
201635;6;63986;53986;73986;98;83;113;FR;France
201634;6;54807;44667;64947;84;68;100;FR;France
201633;6;49540;38349;60731;76;59;93;FR;France
201632;6;41728;31460;51996;64;48;80;FR;France
201631;6;45710;34056;57364;70;52;88;FR;France
201630;6;54636;41631;67641;84;64;104;FR;France
201629;6;51211;39757;62665;79;61;97;FR;France
201628;6;42238;32262;52214;65;50;80;FR;France
201627;6;45787;35930;55644;70;55;85;FR;France
201626;6;55042;44763;65321;84;68;100;FR;France
201625;6;49369;40661;58077;76;63;89;FR;France
201624;6;56481;47412;65550;87;73;101;FR;France
201623;6;56346;47365;65327;86;72;100;FR;France
201622;6;55459;46597;64321;85;71;99;FR;France
201621;6;61301;51725;70877;94;79;109;FR;France
201620;6;54847;45892;63802;84;70;98;FR;France
201619;6;65469;55387;75551;100;85;115;FR;France
201618;6;61945;52289;71601;95;80;110;FR;France
201617;6;68103;57828;78378;105;89;121;FR;France
201616;6;65571;56267;74875;101;87;115;FR;France
201615;6;74553;64279;84827;114;98;130;FR;France
201614;6;82835;72189;93481;127;111;143;FR;France
201613;6;90415;80142;100688;139;123;155;FR;France
201612;6;96730;86054;107406;148;132;164;FR;France
201611;6;99991;89215;110767;153;136;170;FR;France
201610;6;101539;91103;111975;156;140;172;FR;France
201609;6;91711;81803;101619;141;126;156;FR;France
201608;6;87737;78098;97376;135;120;150;FR;France
201607;6;94082;84103;104061;144;129;159;FR;France
201606;6;98646;88633;108659;151;136;166;FR;France
201605;6;125069;114020;136118;192;175;209;FR;France
201604;6;140609;128726;152492;216;198;234;FR;France
201603;6;147441;135150;159732;226;207;245;FR;France
201602;6;136045;124211;147879;209;191;227;FR;France
201601;6;141412;129171;153653;217;198;236;FR;France
201553;6;103499;91083;115915;160;141;179;FR;France
201552;6;82540;71455;93625;128;111;145;FR;France
201551;6;95698;84790;106606;148;131;165;FR;France
201550;6;103246;92174;114318;160;143;177;FR;France
201549;6;99365;88707;110023;154;137;171;FR;France
201548;6;84436;74150;94722;131;115;147;FR;France
201547;6;80095;70455;89735;124;109;139;FR;France
201546;6;74414;64647;84181;115;100;130;FR;France
201545;6;83290;72592;93988;129;112;146;FR;France
201544;6;70770;60907;80633;110;95;125;FR;France
201543;6;59279;50114;68444;92;78;106;FR;France
201542;6;74362;64364;84360;115;100;130;FR;France
201541;6;80891;71381;90401;125;110;140;FR;France
201540;6;75733;66460;85006;117;103;131;FR;France
201539;6;64666;55539;73793;100;86;114;FR;France
201538;6;67675;58052;77298;105;90;120;FR;France
201537;6;76503;65101;87905;119;101;137;FR;France
201536;6;65065;54918;75212;101;85;117;FR;France
201535;6;64551;53943;75159;100;84;116;FR;France
201534;6;63926;51846;76006;99;80;118;FR;France
201533;6;54940;43015;66865;85;67;103;FR;France
201532;6;51198;40089;62307;79;62;96;FR;France
201531;6;55708;43846;67570;86;68;104;FR;France
201530;6;51142;40716;61568;79;63;95;FR;France
201529;6;57853;46588;69118;90;73;107;FR;France
201528;6;53070;42836;63304;82;66;98;FR;France
201527;6;44858;36730;52986;70;57;83;FR;France
201526;6;57468;48192;66744;89;75;103;FR;France
201525;6;54578;46201;62955;85;72;98;FR;France
201524;6;54886;46510;63262;85;72;98;FR;France
201523;6;63177;53292;73062;98;83;113;FR;France
201522;6;49558;41357;57759;77;64;90;FR;France
201521;6;56944;47707;66181;88;74;102;FR;France
201520;6;46887;38690;55084;73;60;86;FR;France
201519;6;50265;41725;58805;78;65;91;FR;France
201518;6;57126;47877;66375;89;75;103;FR;France
201517;6;58087;49044;67130;90;76;104;FR;France
201516;6;81970;70932;93008;127;110;144;FR;France
201515;6;84197;73622;94772;130;114;146;FR;France
201514;6;96010;84590;107430;149;131;167;FR;France
201513;6;108147;95959;120335;168;149;187;FR;France
201512;6;97436;86644;108228;151;134;168;FR;France
201511;6;102775;91722;113828;159;142;176;FR;France
201510;6;92288;82077;102499;143;127;159;FR;France
201509;6;79857;70129;89585;124;109;139;FR;France
201508;6;89850;79521;100179;139;123;155;FR;France
201507;6;93974;83465;104483;146;130;162;FR;France
201506;6;119564;108320;130808;185;168;202;FR;France
201505;6;138412;126641;150183;215;197;233;FR;France
201504;6;145353;133456;157250;225;207;243;FR;France
201503;6;143939;131699;156179;223;204;242;FR;France
201502;6;155445;142399;168491;241;221;261;FR;France
201501;6;154870;138609;171131;240;215;265;FR;France
201452;6;116759;102432;131086;182;160;204;FR;France
201451;6;138626;125428;151824;216;195;237;FR;France
201450;6;143156;130303;156009;223;203;243;FR;France
201449;6;130518;117946;143090;203;183;223;FR;France
201448;6;105758;94053;117463;165;147;183;FR;France
201447;6;105083;93034;117132;164;145;183;FR;France
201446;6;85098;74272;95924;133;116;150;FR;France
201445;6;87546;75770;99322;136;118;154;FR;France
201444;6;82200;70362;94038;128;110;146;FR;France
201443;6;78916;67069;90763;123;105;141;FR;France
201442;6;91918;79825;104011;143;124;162;FR;France
201441;6;87815;76129;99501;137;119;155;FR;France
201440;6;82173;71309;93037;128;111;145;FR;France
201439;6;84831;73548;96114;132;114;150;FR;France
201438;6;80618;69574;91662;126;109;143;FR;France
201437;6;74337;62863;85811;116;98;134;FR;France
201436;6;56316;45904;66728;88;72;104;FR;France
201435;6;67654;54193;81115;105;84;126;FR;France
201434;6;56343;43035;69651;88;67;109;FR;France
201433;6;54767;42339;67195;85;66;104;FR;France
201432;6;56860;43975;69745;89;69;109;FR;France
201431;6;54299;41733;66865;85;65;105;FR;France
201430;6;45946;35909;55983;72;56;88;FR;France
201429;6;44566;34394;54738;69;53;85;FR;France
201428;6;62644;50621;74667;98;79;117;FR;France
201427;6;51593;40674;62512;80;63;97;FR;France
201426;6;52161;41985;62337;81;65;97;FR;France
201425;6;58864;47190;70538;92;74;110;FR;France
201424;6;56253;46064;66442;88;72;104;FR;France
201423;6;65624;54048;77200;102;84;120;FR;France
201422;6;50810;39733;61887;79;62;96;FR;France
201421;6;57363;46421;68305;89;72;106;FR;France
201420;6;49988;40122;59854;78;63;93;FR;France
201419;6;44163;34581;53745;69;54;84;FR;France
201418;6;50278;39848;60708;78;62;94;FR;France
201417;6;51825;41673;61977;81;65;97;FR;France
201416;6;62896;51429;74363;98;80;116;FR;France
201415;6;67290;56232;78348;105;88;122;FR;France
201414;6;93231;80645;105817;145;125;165;FR;France
201413;6;89207;76768;101646;139;120;158;FR;France
201412;6;93225;78994;107456;145;123;167;FR;France
201411;6;84967;70198;99736;132;109;155;FR;France
201410;6;94098;79175;109021;147;124;170;FR;France
201409;6;89258;76819;101697;139;120;158;FR;France
201408;6;100638;87999;113277;157;137;177;FR;France
201407;6;116538;103224;129852;182;161;203;FR;France
201406;6;128024;114217;141831;199;177;221;FR;France
201405;6;144824;130243;159405;226;203;249;FR;France
201404;6;151580;136799;166361;236;213;259;FR;France
201403;6;156042;140486;171598;243;219;267;FR;France
201402;6;157163;140868;173458;245;220;270;FR;France
201401;6;137247;121044;153450;214;189;239;FR;France
201352;6;98404;84073;112735;154;132;176;FR;France
201351;6;117127;101911;132343;183;159;207;FR;France
201350;6;122514;107988;137040;192;169;215;FR;France
201349;6;121310;106834;135786;190;167;213;FR;France
201348;6;105401;91524;119278;165;143;187;FR;France
201347;6;96649;83627;109671;151;131;171;FR;France
201346;6;78826;66969;90683;123;104;142;FR;France
201345;6;83504;70493;96515;131;111;151;FR;France
201344;6;62551;49915;75187;98;78;118;FR;France
201343;6;71356;58485;84227;112;92;132;FR;France
201342;6;93042;79438;106646;146;125;167;FR;France
201341;6;79518;67326;91710;124;105;143;FR;France
201340;6;86021;72580;99462;135;114;156;FR;France
201339;6;75242;62707;87777;118;98;138;FR;France
201338;6;81667;68954;94380;128;108;148;FR;France
201337;6;64761;53066;76456;101;83;119;FR;France
201336;6;58883;47663;70103;92;74;110;FR;France
201335;6;59648;47057;72239;93;73;113;FR;France
201334;6;71709;57252;86166;112;89;135;FR;France
201333;6;50038;35875;64201;78;56;100;FR;France
201332;6;66399;51162;81636;104;80;128;FR;France
201331;6;67592;52840;82344;106;83;129;FR;France
201330;6;60664;47545;73783;95;74;116;FR;France
201329;6;57121;44003;70239;89;68;110;FR;France
201328;6;45207;34484;55930;71;54;88;FR;France
201327;6;42376;31948;52804;66;50;82;FR;France
201326;6;49462;38433;60491;77;60;94;FR;France
201325;6;48410;37501;59319;76;59;93;FR;France
201324;6;59131;48126;70136;93;76;110;FR;France
201323;6;59774;48088;71460;94;76;112;FR;France
201322;6;59905;48298;71512;94;76;112;FR;France
201321;6;51146;40297;61995;80;63;97;FR;France
201320;6;67967;55430;80504;106;86;126;FR;France
201319;6;54086;42527;65645;85;67;103;FR;France
201318;6;67393;53623;81163;105;83;127;FR;France
201317;6;78057;64249;91865;122;100;144;FR;France
201316;6;95204;80655;109753;149;126;172;FR;France
201315;6;123818;107464;140172;194;168;220;FR;France
201314;6;106774;93008;120540;167;145;189;FR;France
201313;6;98259;83427;113091;154;131;177;FR;France
201312;6;95455;81570;109340;149;127;171;FR;France
201311;6;82137;69953;94321;129;110;148;FR;France
201310;6;92475;79256;105694;145;124;166;FR;France
201309;6;86542;74086;98998;135;116;154;FR;France
201308;6;104547;91111;117983;164;143;185;FR;France
201307;6;109145;95907;122383;171;150;192;FR;France
201306;6;110439;97151;123727;173;152;194;FR;France
201305;6;138196;124522;151870;216;195;237;FR;France
201304;6;153829;138907;168751;241;218;264;FR;France
201303;6;184324;168383;200265;289;264;314;FR;France
201302;6;232059;214353;249765;363;335;391;FR;France
201301;6;240376;220566;260186;376;345;407;FR;France
201252;6;209446;188539;230353;330;297;363;FR;France
201251;6;146160;130415;161905;230;205;255;FR;France
201250;6;138483;123473;153493;218;194;242;FR;France
201249;6;131656;116768;146544;207;184;230;FR;France
201248;6;137276;120895;153657;216;190;242;FR;France
201247;6;107916;93776;122056;170;148;192;FR;France
201246;6;98782;85216;112348;155;134;176;FR;France
201245;6;88357;75125;101589;139;118;160;FR;France
201244;6;69767;54884;84650;110;87;133;FR;France
201243;6;83331;70218;96444;131;110;152;FR;France
201242;6;91778;78885;104671;144;124;164;FR;France
201241;6;109077;93416;124738;172;147;197;FR;France
201240;6;83952;71720;96184;132;113;151;FR;France
201239;6;92377;79170;105584;145;124;166;FR;France
201238;6;80331;67535;93127;126;106;146;FR;France
201237;6;80929;66589;95269;127;104;150;FR;France
201236;6;66681;53989;79373;105;85;125;FR;France
201235;6;72150;57234;87066;114;91;137;FR;France
201234;6;71737;55976;87498;113;88;138;FR;France
201233;6;61171;47474;74868;96;74;118;FR;France
201232;6;57225;44832;69618;90;70;110;FR;France
201231;6;50200;39115;61285;79;62;96;FR;France
201230;6;53652;35705;71599;84;56;112;FR;France
201229;6;46633;34592;58674;73;54;92;FR;France
201228;6;56202;42263;70141;88;66;110;FR;France
201227;6;52098;38981;65215;82;61;103;FR;France
201226;6;53980;41752;66208;85;66;104;FR;France
201225;6;52096;41245;62947;82;65;99;FR;France
201224;6;54188;43223;65153;85;68;102;FR;France
201223;6;61099;49328;72870;96;77;115;FR;France
201222;6;51119;40236;62002;80;63;97;FR;France
201221;6;59321;45899;72743;93;72;114;FR;France
201220;6;56722;43294;70150;89;68;110;FR;France
201219;6;60702;48610;72794;96;77;115;FR;France
201218;6;52285;41601;62969;82;65;99;FR;France
201217;6;77428;62448;92408;122;98;146;FR;France
201216;6;69671;57667;81675;110;91;129;FR;France
201215;6;73768;61376;86160;116;96;136;FR;France
201214;6;89166;73430;104902;140;115;165;FR;France
201213;6;81812;65971;97653;129;104;154;FR;France
201212;6;83493;71024;95962;131;111;151;FR;France
201211;6;84297;72601;95993;133;115;151;FR;France
201210;6;81029;69518;92540;128;110;146;FR;France
201209;6;79103;68705;89501;124;108;140;FR;France
201208;6;99991;87815;112167;157;138;176;FR;France
201207;6;111318;97441;125195;175;153;197;FR;France
201206;6;139903;124065;155741;220;195;245;FR;France
201205;6;159493;142202;176784;251;224;278;FR;France
201204;6;170142;153297;186987;268;241;295;FR;France
201203;6;177227;160548;193906;279;253;305;FR;France
201202;6;173080;156524;189636;272;246;298;FR;France
201201;6;187922;170586;205258;296;269;323;FR;France
201152;6;151243;133869;168617;239;212;266;FR;France
201151;6;100663;86654;114672;159;137;181;FR;France
201150;6;98601;85613;111589;156;135;177;FR;France
201149;6;116583;102399;130767;184;162;206;FR;France
201148;6;110663;96168;125158;175;152;198;FR;France
201147;6;100140;87088;113192;158;137;179;FR;France
201146;6;88474;75851;101097;140;120;160;FR;France
201145;6;83284;70523;96045;132;112;152;FR;France
201144;6;58152;48027;68277;92;76;108;FR;France
201143;6;56244;45837;66651;89;73;105;FR;France
201142;6;72091;60500;83682;114;96;132;FR;France
201141;6;76076;64778;87374;120;102;138;FR;France
201140;6;67336;56060;78612;107;89;125;FR;France
201139;6;63310;50471;76149;100;80;120;FR;France
201138;6;53466;43730;63202;85;70;100;FR;France
201137;6;56954;46638;67270;90;74;106;FR;France
201136;6;51000;41020;60980;81;65;97;FR;France
201135;6;53650;43038;64262;85;68;102;FR;France
201134;6;54338;43605;65071;86;69;103;FR;France
201133;6;56824;43893;69755;90;70;110;FR;France
201132;6;58989;44700;73278;93;70;116;FR;France
201131;6;55037;43379;66695;87;69;105;FR;France
201130;6;53976;41311;66641;85;65;105;FR;France
201129;6;74124;59824;88424;117;94;140;FR;France
201128;6;41559;31890;51228;66;51;81;FR;France
201127;6;63700;50884;76516;101;81;121;FR;France
201126;6;51955;41666;62244;82;66;98;FR;France
201125;6;66073;54477;77669;105;87;123;FR;France
201124;6;64560;52844;76276;102;83;121;FR;France
201123;6;64547;53941;75153;102;85;119;FR;France
201122;6;69510;57839;81181;110;92;128;FR;France
201121;6;64823;53098;76548;103;84;122;FR;France
201120;6;59411;49335;69487;94;78;110;FR;France
201119;6;66087;55223;76951;105;88;122;FR;France
201118;6;68720;57902;79538;109;92;126;FR;France
201117;6;50139;40891;59387;79;64;94;FR;France
201116;6;58815;48469;69161;93;77;109;FR;France
201115;6;58967;48984;68950;93;77;109;FR;France
201114;6;71709;61066;82352;113;96;130;FR;France
201113;6;96334;83328;109340;152;131;173;FR;France
201112;6;92220;79293;105147;146;126;166;FR;France
201111;6;81938;70108;93768;130;111;149;FR;France
201110;6;88096;75815;100377;139;120;158;FR;France
201109;6;103793;91033;116553;164;144;184;FR;France
201108;6;102914;88792;117036;163;141;185;FR;France
201107;6;129532;114782;144282;205;182;228;FR;France
201106;6;132433;118646;146220;210;188;232;FR;France
201105;6;144189;130548;157830;228;206;250;FR;France
201104;6;165925;150839;181011;263;239;287;FR;France
201103;6;176967;162046;191888;280;256;304;FR;France
201102;6;228933;212609;245257;362;336;388;FR;France
201101;6;317732;297343;338121;503;471;535;FR;France
201052;6;213807;196232;231382;340;312;368;FR;France
201051;6;136619;122104;151134;217;194;240;FR;France
201050;6;115430;101937;128923;184;163;205;FR;France
201049;6;116403;103086;129720;185;164;206;FR;France
201048;6;105887;93003;118771;169;148;190;FR;France
201047;6;94513;82338;106688;150;131;169;FR;France
201046;6;103131;89352;116910;164;142;186;FR;France
201045;6;74057;63032;85082;118;100;136;FR;France
201044;6;68391;57533;79249;109;92;126;FR;France
201043;6;61741;51428;72054;98;82;114;FR;France
201042;6;77508;66004;89012;123;105;141;FR;France
201041;6;70411;59254;81568;112;94;130;FR;France
201040;6;68262;57408;79116;109;92;126;FR;France
201039;6;75861;63716;88006;121;102;140;FR;France
201038;6;57574;46304;68844;92;74;110;FR;France
201037;6;68742;56580;80904;109;90;128;FR;France
201036;6;70468;56521;84415;112;90;134;FR;France
201035;6;52252;42659;61845;83;68;98;FR;France
201034;6;56113;45757;66469;89;73;105;FR;France
201033;6;59491;48689;70293;95;78;112;FR;France
201032;6;57418;46013;68823;91;73;109;FR;France
201031;6;59473;47350;71596;95;76;114;FR;France
201030;6;55173;42741;67605;88;68;108;FR;France
201029;6;48035;37693;58377;76;60;92;FR;France
201028;6;55544;44221;66867;88;70;106;FR;France
201027;6;55592;44744;66440;88;71;105;FR;France
201026;6;47967;37933;58001;76;60;92;FR;France
201025;6;50173;41279;59067;80;66;94;FR;France
201024;6;63078;53003;73153;100;84;116;FR;France
201023;6;60975;50725;71225;97;81;113;FR;France
201022;6;56947;47176;66718;91;75;107;FR;France
201021;6;54503;45386;63620;87;72;102;FR;France
201020;6;75254;62835;87673;120;100;140;FR;France
201019;6;76428;63326;89530;122;101;143;FR;France
201018;6;70236;59154;81318;112;94;130;FR;France
201017;6;80542;68077;93007;128;108;148;FR;France
201016;6;72702;61750;83654;116;99;133;FR;France
201015;6;89932;77386;102478;143;123;163;FR;France
201014;6;92417;80617;104217;147;128;166;FR;France
201013;6;105710;93331;118089;168;148;188;FR;France
201012;6;139343;125126;153560;222;199;245;FR;France
201011;6;147383;132928;161838;235;212;258;FR;France
201010;6;160668;145485;175851;256;232;280;FR;France
201009;6;182336;163735;200937;290;260;320;FR;France
201008;6;199992;179274;220710;318;285;351;FR;France
201007;6;199654;180453;218855;318;287;349;FR;France
201006;6;222497;200131;244863;354;318;390;FR;France
201005;6;260420;238097;282743;415;379;451;FR;France
201004;6;341139;316445;365833;543;504;582;FR;France
201003;6;344513;319359;369667;548;508;588;FR;France
201002;6;362439;336253;388625;577;535;619;FR;France
201001;6;314464;291757;337171;501;465;537;FR;France
200953;6;212848;191202;234494;339;305;373;FR;France
200952;6;126993;110489;143497;202;176;228;FR;France
200951;6;109086;96247;121925;174;154;194;FR;France
200950;6;114638;100632;128644;183;161;205;FR;France
200949;6;108302;96121;120483;172;153;191;FR;France
200948;6;110322;96874;123770;176;155;197;FR;France
200947;6;103221;91319;115123;164;145;183;FR;France
200946;6;105015;91690;118340;167;146;188;FR;France
200945;6;98891;85398;112384;157;136;178;FR;France
200944;6;75666;62276;89056;120;99;141;FR;France
200943;6;95638;81145;110131;152;129;175;FR;France
200942;6;87559;74767;100351;139;119;159;FR;France
200941;6;88430;76429;100431;141;122;160;FR;France
200940;6;80540;69009;92071;128;110;146;FR;France
200939;6;77654;66275;89033;124;106;142;FR;France
200938;6;90277;77831;102723;144;124;164;FR;France
200937;6;81062;69713;92411;129;111;147;FR;France
200936;6;88550;75016;102084;141;119;163;FR;France
200935;6;75941;62604;89278;121;100;142;FR;France
200934;6;102587;84863;120311;163;135;191;FR;France
200933;6;66352;49640;83064;106;79;133;FR;France
200932;6;62405;48189;76621;99;76;122;FR;France
200931;6;62736;50173;75299;100;80;120;FR;France
200930;6;53569;42250;64888;85;67;103;FR;France
200929;6;72857;14497;131217;116;23;209;FR;France
200928;6;62059;49225;74893;99;79;119;FR;France
200927;6;53349;41486;65212;85;66;104;FR;France
200926;6;62562;50680;74444;100;81;119;FR;France
200925;6;72099;55733;88465;115;89;141;FR;France
200924;6;62533;51904;73162;100;83;117;FR;France
200923;6;68641;54578;82704;109;87;131;FR;France
200922;6;71749;58882;84616;114;94;134;FR;France
200921;6;66828;53877;79779;106;85;127;FR;France
200920;6;82957;69449;96465;132;110;154;FR;France
200919;6;69908;56678;83138;111;90;132;FR;France
200918;6;70692;57124;84260;113;91;135;FR;France
200917;6;78296;65341;91251;125;104;146;FR;France
200916;6;75397;62977;87817;120;100;140;FR;France
200915;6;111944;96204;127684;178;153;203;FR;France
200914;6;128684;112676;144692;205;180;230;FR;France
200913;6;144834;126570;163098;231;202;260;FR;France
200912;6;148305;129752;166858;236;206;266;FR;France
200911;6;148126;129318;166934;236;206;266;FR;France
200910;6;142421;124255;160587;227;198;256;FR;France
200909;6;151778;132986;170570;242;212;272;FR;France
200908;6;156173;138679;173667;249;221;277;FR;France
200907;6;173995;154537;193453;277;246;308;FR;France
200906;6;219218;197422;241014;349;314;384;FR;France
200905;6;218104;197672;238536;347;314;380;FR;France
200904;6;253233;230574;275892;403;367;439;FR;France
200903;6;292769;269622;315916;466;429;503;FR;France
200902;6;310741;285691;335791;495;455;535;FR;France
200901;6;296597;267201;325993;472;425;519;FR;France
200852;6;204125;184159;224091;333;300;366;FR;France
200851;6;217766;189083;246449;355;308;402;FR;France
200850;6;210575;181213;239937;343;295;391;FR;France
200849;6;163966;138740;189192;267;226;308;FR;France
200848;6;147696;127293;168099;241;208;274;FR;France
200847;6;118775;102487;135063;194;167;221;FR;France
200846;6;116795;98299;135291;190;160;220;FR;France
200845;6;104893;90404;119382;171;147;195;FR;France
200844;6;91131;77208;105054;149;126;172;FR;France
200843;6;87711;74928;100494;143;122;164;FR;France
200842;6;99750;85366;114134;163;140;186;FR;France
200841;6;90110;76818;103402;147;125;169;FR;France
200840;6;94661;80915;108407;154;132;176;FR;France
200839;6;86451;71775;101127;141;117;165;FR;France
200838;6;73669;59787;87551;120;97;143;FR;France
200837;6;83912;68980;98844;137;113;161;FR;France
200836;6;71565;58408;84722;117;96;138;FR;France
200835;6;75054;60355;89753;122;98;146;FR;France
200834;6;67455;54072;80838;110;88;132;FR;France
200833;6;62989;31008;94970;103;51;155;FR;France
200832;6;53578;41580;65576;87;67;107;FR;France
200831;6;52522;41896;63148;86;69;103;FR;France
200830;6;51384;40475;62293;84;66;102;FR;France
200829;6;47201;36440;57962;77;59;95;FR;France
200828;6;50653;39425;61881;83;65;101;FR;France
200827;6;60249;48264;72234;98;78;118;FR;France
200826;6;54107;43467;64747;88;71;105;FR;France
200825;6;57575;47329;67821;94;77;111;FR;France
200824;6;57660;46939;68381;94;77;111;FR;France
200823;6;47210;37737;56683;77;62;92;FR;France
200822;6;57115;45226;69004;93;74;112;FR;France
200821;6;84365;53072;115658;138;87;189;FR;France
200820;6;57195;46808;67582;93;76;110;FR;France
200819;6;58414;42670;74158;95;69;121;FR;France
200818;6;68153;54430;81876;111;89;133;FR;France
200817;6;91253;74924;107582;149;122;176;FR;France
200816;6;74690;61230;88150;122;100;144;FR;France
200815;6;87482;72815;102149;143;119;167;FR;France
200814;6;89869;76808;102930;147;126;168;FR;France
200813;6;95599;80614;110584;156;132;180;FR;France
200812;6;95366;81549;109183;155;132;178;FR;France
200811;6;97744;84461;111027;159;137;181;FR;France
200810;6;106265;91607;120923;173;149;197;FR;France
200809;6;110412;95429;125395;180;156;204;FR;France
200808;6;127069;112104;142034;207;183;231;FR;France
200807;6;123509;109242;137776;201;178;224;FR;France
200806;6;149677;133043;166311;244;217;271;FR;France
200805;6;182274;164610;199938;297;268;326;FR;France
200804;6;192969;174146;211792;315;284;346;FR;France
200803;6;229686;206010;253362;374;335;413;FR;France
200802;6;277507;254893;300121;452;415;489;FR;France
200801;6;258864;234929;282799;422;383;461;FR;France
200752;6;206967;184057;229877;337;300;374;FR;France
200751;6;221256;197833;244679;361;323;399;FR;France
200750;6;240800;217086;264514;393;354;432;FR;France
200749;6;325026;279884;370168;530;456;604;FR;France
200748;6;218565;192398;244732;356;313;399;FR;France
200747;6;151390;131842;170938;247;215;279;FR;France
200746;6;138755;116403;161107;226;190;262;FR;France
200745;6;123924;83671;164177;202;136;268;FR;France
200744;6;86194;72663;99725;141;119;163;FR;France
200743;6;88562;74842;102282;144;122;166;FR;France
200742;6;102830;87215;118445;168;143;193;FR;France
200741;6;96544;77046;116042;157;125;189;FR;France
200740;6;95416;75122;115710;156;123;189;FR;France
200739;6;85872;69315;102429;140;113;167;FR;France
200738;6;75575;61385;89765;123;100;146;FR;France
200737;6;75355;60803;89907;123;99;147;FR;France
200736;6;65999;52718;79280;108;86;130;FR;France
200735;6;62023;48277;75769;101;79;123;FR;France
200734;6;59221;45101;73341;97;74;120;FR;France
200733;6;49270;35582;62958;80;58;102;FR;France
200732;6;48272;35111;61433;79;58;100;FR;France
200731;6;64962;48084;81840;106;78;134;FR;France
200730;6;63742;46955;80529;104;77;131;FR;France
200729;6;57121;43577;70665;93;71;115;FR;France
200728;6;51145;38483;63807;83;62;104;FR;France
200727;6;50391;38772;62010;82;63;101;FR;France
200726;6;50723;39936;61510;83;65;101;FR;France
200725;6;65632;52300;78964;107;85;129;FR;France
200724;6;66270;51372;81168;108;84;132;FR;France
200723;6;72002;56084;87920;117;91;143;FR;France
200722;6;70137;54516;85758;114;89;139;FR;France
200721;6;62523;49938;75108;102;81;123;FR;France
200720;6;52466;40755;64177;86;67;105;FR;France
200719;6;62980;50396;75564;103;82;124;FR;France
200718;6;50589;39019;62159;82;63;101;FR;France
200717;6;54948;42372;67524;90;69;111;FR;France
200716;6;49487;38647;60327;81;63;99;FR;France
200715;6;75136;59042;91230;122;96;148;FR;France
200714;6;84073;66249;101897;137;108;166;FR;France
200713;6;86016;71261;100771;140;116;164;FR;France
200712;6;85444;71176;99712;139;116;162;FR;France
200711;6;67489;55355;79623;110;90;130;FR;France
200710;6;65357;53640;77074;107;88;126;FR;France
200709;6;77585;63649;91521;126;103;149;FR;France
200708;6;93305;78523;108087;152;128;176;FR;France
200707;6;97375;83281;111469;159;136;182;FR;France
200706;6;135605;118461;152749;221;193;249;FR;France
200705;6;158502;139847;177157;258;228;288;FR;France
200704;6;199180;177419;220941;325;290;360;FR;France
200703;6;208371;186745;229997;340;305;375;FR;France
200702;6;302808;274234;331382;494;447;541;FR;France
200701;6;316861;285519;348203;517;466;568;FR;France
200652;6;225589;201613;249565;370;331;409;FR;France
200651;6;168946;148456;189436;277;243;311;FR;France
200650;6;143856;124376;163336;236;204;268;FR;France
200649;6;106710;91508;121912;175;150;200;FR;France
200648;6;113320;97597;129043;186;160;212;FR;France
200647;6;90963;76442;105484;149;125;173;FR;France
200646;6;103870;84368;123372;170;138;202;FR;France
200645;6;75941;60755;91127;124;99;149;FR;France
200644;6;69033;55185;82881;113;90;136;FR;France
200643;6;77580;63433;91727;127;104;150;FR;France
200642;6;72584;59738;85430;119;98;140;FR;France
200641;6;81651;68453;94849;134;112;156;FR;France
200640;6;83529;69251;97807;137;114;160;FR;France
200639;6;74359;59963;88755;122;98;146;FR;France
200638;6;70243;56237;84249;115;92;138;FR;France
200637;6;74383;59979;88787;122;98;146;FR;France
200636;6;65589;51375;79803;107;84;130;FR;France
200635;6;67710;50647;84773;111;83;139;FR;France
200634;6;62022;41805;82239;102;69;135;FR;France
200633;6;62727;34556;90898;103;57;149;FR;France
200632;6;48415;18000;78830;79;29;129;FR;France
200631;6;44590;30671;58509;73;50;96;FR;France
200630;6;46986;32148;61824;77;53;101;FR;France
200629;6;38988;28225;49751;64;46;82;FR;France
200628;6;38703;27453;49953;63;45;81;FR;France
200627;6;47839;28434;67244;78;46;110;FR;France
200626;6;47412;31669;63155;78;52;104;FR;France
200625;6;54850;42530;67170;90;70;110;FR;France
200624;6;57577;45483;69671;94;74;114;FR;France
200623;6;52544;40822;64266;86;67;105;FR;France
200622;6;56277;45317;67237;92;74;110;FR;France
200621;6;54935;42852;67018;90;70;110;FR;France
200620;6;52319;40379;64259;86;66;106;FR;France
200619;6;49672;39487;59857;81;64;98;FR;France
200618;6;47567;36649;58485;78;60;96;FR;France
200617;6;45122;34190;56054;74;56;92;FR;France
200616;6;58976;47052;70900;97;77;117;FR;France
200615;6;78550;63701;93399;129;105;153;FR;France
200614;6;82457;68520;96394;135;112;158;FR;France
200613;6;92746;78485;107007;152;129;175;FR;France
200612;6;98959;84776;113142;162;139;185;FR;France
200611;6;120542;104317;136767;197;170;224;FR;France
200610;6;146787;127043;166531;240;208;272;FR;France
200609;6;140935;123231;158639;231;202;260;FR;France
200608;6;160211;141759;178663;262;232;292;FR;France
200607;6;159491;141631;177351;261;232;290;FR;France
200606;6;181237;163134;199340;297;267;327;FR;France
200605;6;175143;157440;192846;287;258;316;FR;France
200604;6;186390;168606;204174;305;276;334;FR;France
200603;6;256981;236146;277816;421;387;455;FR;France
200602;6;320372;295943;344801;525;485;565;FR;France
200601;6;319963;293382;346544;524;480;568;FR;France
200552;6;209678;186764;232592;346;308;384;FR;France
200551;6;157600;137915;177285;260;227;293;FR;France
200550;6;133661;117166;150156;221;194;248;FR;France
200549;6;108565;93758;123372;179;155;203;FR;France
200548;6;96712;81096;112328;160;134;186;FR;France
200547;6;75391;61885;88897;124;102;146;FR;France
200546;6;78380;63656;93104;129;105;153;FR;France
200545;6;59029;45045;73013;97;74;120;FR;France
200544;6;50815;38433;63197;84;64;104;FR;France
200543;6;47271;35014;59528;78;58;98;FR;France
200542;6;64829;51449;78209;107;85;129;FR;France
200541;6;66228;53224;79232;109;88;130;FR;France
200540;6;70043;55239;84847;116;92;140;FR;France
200539;6;71045;56659;85431;117;93;141;FR;France
200538;6;79471;63388;95554;131;104;158;FR;France
200537;6;63454;50583;76325;105;84;126;FR;France
200536;6;63052;49544;76560;104;82;126;FR;France
200535;6;56981;41416;72546;94;68;120;FR;France
200534;6;77845;60026;95664;129;100;158;FR;France
200533;6;52618;36819;68417;87;61;113;FR;France
200532;6;69948;52419;87477;115;86;144;FR;France
200531;6;73000;52534;93466;121;87;155;FR;France
200530;6;58293;37098;79488;96;61;131;FR;France
200529;6;51116;37046;65186;84;61;107;FR;France
200528;6;37907;26624;49190;63;44;82;FR;France
200527;6;56507;41598;71416;93;68;118;FR;France
200526;6;56704;43187;70221;94;72;116;FR;France
200525;6;53537;41817;65257;88;69;107;FR;France
200524;6;54842;40751;68933;91;68;114;FR;France
200523;6;58902;45466;72338;97;75;119;FR;France
200522;6;53584;42384;64784;88;70;106;FR;France
200521;6;38360;28438;48282;63;47;79;FR;France
200520;6;34533;25552;43514;57;42;72;FR;France
200519;6;52473;41200;63746;87;68;106;FR;France
200518;6;53455;41859;65051;88;69;107;FR;France
200517;6;60787;48034;73540;100;79;121;FR;France
200516;6;65226;50029;80423;108;83;133;FR;France
200515;6;76803;61305;92301;127;101;153;FR;France
200514;6;82802;67627;97977;137;112;162;FR;France
200513;6;85874;70365;101383;142;116;168;FR;France
200512;6;98583;82462;114704;163;136;190;FR;France
200511;6;115520;98469;132571;191;163;219;FR;France
200510;6;127656;110679;144633;211;183;239;FR;France
200509;6;116087;100959;131215;192;167;217;FR;France
200508;6;91423;78425;104421;151;130;172;FR;France
200507;6;101609;87921;115297;168;145;191;FR;France
200506;6;139993;124421;155565;231;205;257;FR;France
200505;6;147546;130896;164196;244;217;271;FR;France
200504;6;176250;157695;194805;291;260;322;FR;France
200503;6;199588;179686;219490;330;297;363;FR;France
200502;6;266297;243661;288933;440;403;477;FR;France
200501;6;275841;252162;299520;455;416;494;FR;France
200453;6;256210;232084;280336;426;386;466;FR;France
200452;6;173611;153870;193352;288;255;321;FR;France
200451;6;182531;162085;202977;303;269;337;FR;France
200450;6;162648;142314;182982;270;236;304;FR;France
200449;6;150777;128922;172632;250;214;286;FR;France
200448;6;133842;113541;154143;222;188;256;FR;France
200447;6;113591;95660;131522;189;159;219;FR;France
200446;6;82433;68559;96307;137;114;160;FR;France
200445;6;80550;64496;96604;134;107;161;FR;France
200444;6;82484;65551;99417;137;109;165;FR;France
200443;6;96013;81284;110742;159;135;183;FR;France
200442;6;115969;98402;133536;193;164;222;FR;France
200441;6;111578;93725;129431;185;155;215;FR;France
200440;6;104222;83398;125046;173;138;208;FR;France
200439;6;92230;74792;109668;153;124;182;FR;France
200438;6;96711;79178;114244;161;132;190;FR;France
200437;6;91496;74648;108344;152;124;180;FR;France
200436;6;75833;61051;90615;126;101;151;FR;France
200435;6;65562;51477;79647;109;86;132;FR;France
200434;6;81498;64773;98223;135;107;163;FR;France
200433;6;80878;62512;99244;134;103;165;FR;France
200432;6;83747;62633;104861;139;104;174;FR;France
200431;6;72526;55157;89895;120;91;149;FR;France
200430;6;55961;40040;71882;93;67;119;FR;France
200429;6;60587;41286;79888;101;69;133;FR;France
200428;6;56481;43284;69678;94;72;116;FR;France
200427;6;67268;32784;101752;112;55;169;FR;France
200426;6;60238;43666;76810;100;72;128;FR;France
200425;6;60740;48565;72915;101;81;121;FR;France
200424;6;58912;46264;71560;98;77;119;FR;France
200423;6;62983;47846;78120;105;80;130;FR;France
200422;6;60905;48711;73099;101;81;121;FR;France
200421;6;56001;44815;67187;93;74;112;FR;France
200420;6;70695;57722;83668;117;95;139;FR;France
200419;6;92004;75298;108710;153;125;181;FR;France
200418;6;87290;70432;104148;145;117;173;FR;France
200417;6;79889;65230;94548;133;109;157;FR;France
200416;6;93663;77197;110129;156;129;183;FR;France
200415;6;106509;88932;124086;177;148;206;FR;France
200414;6;115495;98541;132449;192;164;220;FR;France
200413;6;124643;107350;141936;207;178;236;FR;France
200412;6;129912;112595;147229;216;187;245;FR;France
200411;6;146689;128659;164719;244;214;274;FR;France
200410;6;131504;113945;149063;218;189;247;FR;France
200409;6;114994;97703;132285;191;162;220;FR;France
200408;6;157385;136760;178010;261;227;295;FR;France
200407;6;168762;148761;188763;280;247;313;FR;France
200406;6;166148;145647;186649;276;242;310;FR;France
200405;6;192556;170727;214385;320;284;356;FR;France
200404;6;198984;179378;218590;331;298;364;FR;France
200403;6;219103;199541;238665;364;332;396;FR;France
200402;6;272748;248836;296660;453;413;493;FR;France
200401;6;172954;141807;204101;287;235;339;FR;France
200352;6;38920;0;81153;65;0;136;FR;France
200351;6;95030;72123;117937;159;121;197;FR;France
200350;6;92645;80543;104747;155;135;175;FR;France
200349;6;107578;94827;120329;180;159;201;FR;France
200348;6;111909;98229;125589;187;164;210;FR;France
200347;6;102476;87065;117887;171;145;197;FR;France
200346;6;80000;65475;94525;134;110;158;FR;France
200345;6;107630;81209;134051;180;136;224;FR;France
200344;6;61658;48921;74395;103;82;124;FR;France
200343;6;65915;52776;79054;110;88;132;FR;France
200342;6;72360;57957;86763;121;97;145;FR;France
200341;6;74063;59033;89093;124;99;149;FR;France
200340;6;87895;69060;106730;147;116;178;FR;France
200339;6;97004;77005;117003;162;129;195;FR;France
200338;6;82946;65473;100419;139;110;168;FR;France
200337;6;83642;64900;102384;140;109;171;FR;France
200336;6;43984;30996;56972;73;51;95;FR;France
200335;6;63464;48570;78358;106;81;131;FR;France
200334;6;70775;49983;91567;118;83;153;FR;France
200333;6;65860;42083;89637;110;70;150;FR;France
200332;6;65195;46357;84033;109;78;140;FR;France
200331;6;49237;32925;65549;82;55;109;FR;France
200330;6;58567;39651;77483;98;66;130;FR;France
200329;6;53678;36030;71326;90;61;119;FR;France
200328;6;49021;32643;65399;82;55;109;FR;France
200327;6;62862;42221;83503;105;71;139;FR;France
200326;6;66775;49580;83970;112;83;141;FR;France
200325;6;39942;28430;51454;67;48;86;FR;France
200324;6;36068;24822;47314;60;41;79;FR;France
200323;6;42178;30719;53637;70;51;89;FR;France
200322;6;34816;25512;44120;58;42;74;FR;France
200321;6;45195;33236;57154;76;56;96;FR;France
200320;6;36444;27143;45745;61;45;77;FR;France
200319;6;46081;34749;57413;77;58;96;FR;France
200318;6;44768;31244;58292;75;52;98;FR;France
200317;6;60333;46313;74353;101;78;124;FR;France
200316;6;60567;46476;74658;101;77;125;FR;France
200315;6;75146;61042;89250;126;102;150;FR;France
200314;6;86943;71367;102519;145;119;171;FR;France
200313;6;83231;66331;100131;139;111;167;FR;France
200312;6;94789;78558;111020;158;131;185;FR;France
200311;6;91246;75101;107391;152;125;179;FR;France
200310;6;107011;91620;122402;179;153;205;FR;France
200309;6;110452;94631;126273;185;159;211;FR;France
200308;6;90719;76473;104965;152;128;176;FR;France
200307;6;129625;110674;148576;217;185;249;FR;France
200306;6;140140;121121;159159;234;202;266;FR;France
200305;6;162490;140177;184803;272;235;309;FR;France
200304;6;232718;204363;261073;389;342;436;FR;France
200303;6;254415;226903;281927;425;379;471;FR;France
200302;6;252194;224521;279867;421;375;467;FR;France
200301;6;290013;256513;323513;485;429;541;FR;France
200252;6;330970;296029;365911;556;497;615;FR;France
200251;6;180444;156578;204310;303;263;343;FR;France
200250;6;187598;161989;213207;315;272;358;FR;France
200249;6;146353;117725;174981;246;198;294;FR;France
200248;6;123481;105131;141831;208;177;239;FR;France
200247;6;104054;85225;122883;175;143;207;FR;France
200246;6;84168;68432;99904;141;115;167;FR;France
200245;6;78300;59571;97029;132;101;163;FR;France
200244;6;62291;47268;77314;105;80;130;FR;France
200243;6;74382;59181;89583;125;99;151;FR;France
200242;6;79224;64328;94120;133;108;158;FR;France
200241;6;93931;75811;112051;158;128;188;FR;France
200240;6;75827;59271;92383;127;99;155;FR;France
200239;6;64098;49277;78919;108;83;133;FR;France
200238;6;45794;33837;57751;77;57;97;FR;France
200237;6;66916;48715;85117;112;81;143;FR;France
200236;6;64279;46738;81820;108;79;137;FR;France
200235;6;55840;41750;69930;94;70;118;FR;France
200234;6;54762;40542;68982;92;68;116;FR;France
200233;6;57589;38422;76756;97;65;129;FR;France
200232;6;64069;46507;81631;108;78;138;FR;France
200231;6;46017;32311;59723;77;54;100;FR;France
200230;6;60697;45380;76014;102;76;128;FR;France
200229;6;81507;63140;99874;137;106;168;FR;France
200228;6;51180;34194;68166;86;57;115;FR;France
200227;6;36479;4146;68812;61;7;115;FR;France
200226;6;37138;18763;55513;62;31;93;FR;France
200225;6;46436;33297;59575;78;56;100;FR;France
200224;6;79434;24769;134099;134;42;226;FR;France
200223;6;49423;36698;62148;83;62;104;FR;France
200222;6;62173;47247;77099;104;79;129;FR;France
200221;6;64106;48628;79584;108;82;134;FR;France
200220;6;46510;33025;59995;78;55;101;FR;France
200219;6;41139;30792;51486;69;52;86;FR;France
200218;6;57281;45612;68950;96;76;116;FR;France
200217;6;59440;46191;72689;100;78;122;FR;France
200216;6;73902;57928;89876;124;97;151;FR;France
200215;6;51847;39353;64341;87;66;108;FR;France
200214;6;46591;35691;57491;78;60;96;FR;France
200213;6;58796;45815;71777;99;77;121;FR;France
200212;6;77823;60004;95642;131;101;161;FR;France
200211;6;70426;53384;87468;118;89;147;FR;France
200210;6;73230;56136;90324;123;94;152;FR;France
200209;6;76167;54936;97398;128;92;164;FR;France
200208;6;79802;62039;97565;134;104;164;FR;France
200207;6;74559;52903;96215;125;89;161;FR;France
200206;6;84414;69794;99034;142;117;167;FR;France
200205;6;130391;111972;148810;219;188;250;FR;France
200204;6;169006;149390;188622;284;251;317;FR;France
200203;6;190418;169723;211113;320;285;355;FR;France
200202;6;189140;166807;211473;318;280;356;FR;France
200201;6;161045;138891;183199;271;234;308;FR;France
200152;6;137578;116168;158988;233;197;269;FR;France
200151;6;140401;120014;160788;237;203;271;FR;France
200150;6;134721;110448;158994;228;187;269;FR;France
200149;6;112113;93630;130596;190;159;221;FR;France
200148;6;108194;92627;123761;183;157;209;FR;France
200147;6;87685;73844;101526;148;125;171;FR;France
200146;6;75520;62942;88098;128;107;149;FR;France
200145;6;74964;58013;91915;127;98;156;FR;France
200144;6;43287;32815;53759;73;55;91;FR;France
200143;6;72618;58307;86929;123;99;147;FR;France
200142;6;65527;51928;79126;111;88;134;FR;France
200141;6;73439;58838;88040;124;99;149;FR;France
200140;6;59854;46788;72920;101;79;123;FR;France
200139;6;77347;51487;103207;131;87;175;FR;France
200138;6;66056;52737;79375;112;89;135;FR;France
200137;6;65617;52265;78969;111;88;134;FR;France
200136;6;66830;49660;84000;113;84;142;FR;France
200135;6;57993;39384;76602;98;67;129;FR;France
200134;6;67166;46850;87482;114;80;148;FR;France
200133;6;105986;63166;148806;179;107;251;FR;France
200132;6;55427;31930;78924;94;54;134;FR;France
200131;6;109522;79293;139751;185;134;236;FR;France
200130;6;67163;48907;85419;114;83;145;FR;France
200129;6;62825;44086;81564;106;74;138;FR;France
200128;6;68436;50801;86071;116;86;146;FR;France
200127;6;50104;34136;66072;85;58;112;FR;France
200126;6;51008;39219;62797;86;66;106;FR;France
200125;6;47340;34823;59857;80;59;101;FR;France
200124;6;56806;43049;70563;96;73;119;FR;France
200123;6;51681;39708;63654;87;67;107;FR;France
200122;6;40362;30264;50460;68;51;85;FR;France
200121;6;39387;30232;48542;67;52;82;FR;France
200120;6;42678;32827;52529;72;55;89;FR;France
200119;6;52632;40447;64817;89;68;110;FR;France
200118;6;57786;45258;70314;98;77;119;FR;France
200117;6;59492;46494;72490;101;79;123;FR;France
200116;6;62867;48278;77456;106;81;131;FR;France
200115;6;44231;33066;55396;75;56;94;FR;France
200114;6;65359;53105;77613;111;90;132;FR;France
200113;6;79153;67014;91292;134;113;155;FR;France
200112;6;95601;82492;108710;162;140;184;FR;France
200111;6;92296;78788;105804;156;133;179;FR;France
200110;6;100470;87889;113051;170;149;191;FR;France
200109;6;113827;97815;129839;192;165;219;FR;France
200108;6;89188;74878;103498;151;127;175;FR;France
200107;6;98685;83312;114058;167;141;193;FR;France
200106;6;130342;110001;150683;220;186;254;FR;France
200105;6;174052;152515;195589;294;258;330;FR;France
200104;6;222065;201279;242851;375;340;410;FR;France
200103;6;269853;246935;292771;456;417;495;FR;France
200102;6;353467;327288;379646;598;554;642;FR;France
200101;6;517396;481339;553453;875;814;936;FR;France
200052;6;405977;374716;437238;690;637;743;FR;France
200051;6;237324;213897;260751;404;364;444;FR;France
200050;6;160776;143537;178015;273;244;302;FR;France
200049;6;156580;134240;178920;266;228;304;FR;France
200048;6;120855;105034;136676;206;179;233;FR;France
200047;6;93500;79448;107552;159;135;183;FR;France
200046;6;83827;70615;97039;143;121;165;FR;France
200045;6;73581;60224;86938;125;102;148;FR;France
200044;6;65959;52003;79915;112;88;136;FR;France
200043;6;72767;58158;87376;124;99;149;FR;France
200042;6;78808;64210;93406;134;109;159;FR;France
200041;6;79599;64448;94750;135;109;161;FR;France
200040;6;59515;45947;73083;101;78;124;FR;France
200039;6;81145;36425;125865;138;62;214;FR;France
200038;6;88239;68249;108229;150;116;184;FR;France
200037;6;58323;45983;70663;99;78;120;FR;France
200036;6;56677;44319;69035;96;75;117;FR;France
200035;6;48569;35157;61981;83;60;106;FR;France
200034;6;64111;47826;80396;109;81;137;FR;France
200033;6;74452;54380;94524;127;93;161;FR;France
200032;6;58360;41796;74924;99;71;127;FR;France
200031;6;63760;48474;79046;108;82;134;FR;France
200030;6;76889;60145;93633;131;103;159;FR;France
200029;6;64406;48051;80761;110;82;138;FR;France
200028;6;48730;36055;61405;83;61;105;FR;France
200027;6;56959;43068;70850;97;73;121;FR;France
200026;6;47622;36573;58671;81;62;100;FR;France
200025;6;51242;40186;62298;87;68;106;FR;France
200024;6;40721;31097;50345;69;53;85;FR;France
200023;6;38727;28766;48688;66;49;83;FR;France
200022;6;34736;25965;43507;59;44;74;FR;France
200021;6;57412;46690;68134;98;80;116;FR;France
200020;6;57708;46199;69217;98;78;118;FR;France
200019;6;60584;48257;72911;103;82;124;FR;France
200018;6;52880;41344;64416;90;70;110;FR;France
200017;6;55609;43399;67819;95;74;116;FR;France
200016;6;53415;40998;65832;91;70;112;FR;France
200015;6;53999;43593;64405;92;74;110;FR;France
200014;6;71981;60298;83664;122;102;142;FR;France
200013;6;70503;57470;83536;120;98;142;FR;France
200012;6;77768;64962;90574;132;110;154;FR;France
200011;6;74326;62419;86233;126;106;146;FR;France
200010;6;88436;74393;102479;150;126;174;FR;France
200009;6;83197;68866;97528;141;117;165;FR;France
200008;6;82854;69222;96486;141;118;164;FR;France
200007;6;83689;70349;97029;142;119;165;FR;France
200006;6;119026;104116;133936;202;177;227;FR;France
200005;6;156930;139822;174038;267;238;296;FR;France
200004;6;176040;158936;193144;299;270;328;FR;France
200003;6;237314;218178;256450;404;371;437;FR;France
200002;6;253904;234333;273475;432;399;465;FR;France
200001;6;312985;289900;336070;532;493;571;FR;France
199952;6;208532;188433;228631;356;322;390;FR;France
199951;6;136030;120676;151384;233;207;259;FR;France
199950;6;124611;110824;138398;213;189;237;FR;France
199949;6;106980;93513;120447;183;160;206;FR;France
199948;6;93281;79832;106730;159;136;182;FR;France
199947;6;90530;69818;111242;155;120;190;FR;France
199946;6;50794;34858;66730;87;60;114;FR;France
199945;6;85247;66858;103636;146;115;177;FR;France
199944;6;62337;49568;75106;107;85;129;FR;France
199943;6;77110;64054;90166;132;110;154;FR;France
199942;6;78401;66215;90587;134;113;155;FR;France
199941;6;86292;73679;98905;148;126;170;FR;France
199940;6;77224;65064;89384;132;111;153;FR;France
199939;6;75830;63246;88414;130;108;152;FR;France
199938;6;72832;60526;85138;125;104;146;FR;France
199937;6;68678;56651;80705;117;96;138;FR;France
199936;6;62359;50060;74658;107;86;128;FR;France
199935;6;57328;46472;68184;98;79;117;FR;France
199934;6;67402;43977;90827;115;75;155;FR;France
199933;6;57550;42528;72572;98;72;124;FR;France
199932;6;62027;45688;78366;106;78;134;FR;France
199931;6;60931;47617;74245;104;81;127;FR;France
199930;6;53397;40923;65871;91;70;112;FR;France
199929;6;52960;40850;65070;91;70;112;FR;France
199928;6;49352;38181;60523;84;65;103;FR;France
199927;6;60075;47303;72847;103;81;125;FR;France
199926;6;50758;39962;61554;87;69;105;FR;France
199925;6;50215;40220;60210;86;69;103;FR;France
199924;6;51521;41526;61516;88;71;105;FR;France
199923;6;52095;42367;61823;89;72;106;FR;France
199922;6;57794;46944;68644;99;80;118;FR;France
199921;6;63007;49072;76942;108;84;132;FR;France
199920;6;53527;42597;64457;92;73;111;FR;France
199919;6;44737;35727;53747;76;61;91;FR;France
199918;6;42868;34121;51615;73;58;88;FR;France
199917;6;41514;33069;49959;71;57;85;FR;France
199916;6;43711;34736;52686;75;60;90;FR;France
199915;6;46002;35802;56202;79;62;96;FR;France
199914;6;51384;40815;61953;88;70;106;FR;France
199913;6;72859;61100;84618;125;105;145;FR;France
199912;6;88942;76357;101527;152;130;174;FR;France
199911;6;73094;61541;84647;125;105;145;FR;France
199910;6;116550;101696;131404;199;174;224;FR;France
199909;6;94354;81950;106758;161;140;182;FR;France
199908;6;92725;81310;104140;159;139;179;FR;France
199907;6;102890;90765;115015;176;155;197;FR;France
199906;6;101107;88676;113538;173;152;194;FR;France
199905;6;148170;133406;162934;253;228;278;FR;France
199904;6;194829;178322;211336;333;305;361;FR;France
199903;6;180440;164928;195952;308;281;335;FR;France
199902;6;193313;176867;209759;330;302;358;FR;France
199901;6;221823;203286;240360;379;347;411;FR;France
199853;6;183668;164884;202452;315;283;347;FR;France
199852;6;133761;118425;149097;229;203;255;FR;France
199851;6;128696;114917;142475;221;197;245;FR;France
199850;6;130513;116327;144699;224;200;248;FR;France
199849;6;96976;84619;109333;166;145;187;FR;France
199848;6;94200;81723;106677;162;141;183;FR;France
199847;6;88678;76606;100750;152;131;173;FR;France
199846;6;81434;70240;92628;140;121;159;FR;France
199845;6;75074;63779;86369;129;110;148;FR;France
199844;6;68204;57503;78905;117;99;135;FR;France
199843;6;93855;81603;106107;161;140;182;FR;France
199842;6;106793;93294;120292;183;160;206;FR;France
199841;6;84920;72746;97094;146;125;167;FR;France
199840;6;81933;70025;93841;141;121;161;FR;France
199839;6;72628;61814;83442;125;106;144;FR;France
199838;6;69544;58864;80224;119;101;137;FR;France
199837;6;67741;57268;78214;116;98;134;FR;France
199836;6;54681;44719;64643;94;77;111;FR;France
199835;6;56534;45261;67807;97;78;116;FR;France
199834;6;62279;48516;76042;107;83;131;FR;France
199833;6;71463;55875;87051;123;96;150;FR;France
199832;6;42838;31802;53874;73;54;92;FR;France
199831;6;50482;30614;70350;87;53;121;FR;France
199830;6;44784;33769;55799;77;58;96;FR;France
199829;6;45823;35194;56452;79;61;97;FR;France
199828;6;51053;40802;61304;88;70;106;FR;France
199827;6;45613;36428;54798;78;62;94;FR;France
199826;6;58645;48687;68603;101;84;118;FR;France
199825;6;55899;46276;65522;96;79;113;FR;France
199824;6;56925;47541;66309;98;82;114;FR;France
199823;6;45946;37653;54239;79;65;93;FR;France
199822;6;39509;31824;47194;68;55;81;FR;France
199821;6;36223;28612;43834;62;49;75;FR;France
199820;6;41250;32793;49707;71;56;86;FR;France
199819;6;43382;34835;51929;74;59;89;FR;France
199818;6;42533;33964;51102;73;58;88;FR;France
199817;6;51156;41690;60622;88;72;104;FR;France
199816;6;39915;32040;47790;68;54;82;FR;France
199815;6;43814;36208;51420;75;62;88;FR;France
199814;6;59769;50727;68811;103;87;119;FR;France
199813;6;52510;44327;60693;90;76;104;FR;France
199812;6;54944;46978;62910;94;80;108;FR;France
199811;6;63669;55072;72266;109;94;124;FR;France
199810;6;74808;65357;84259;128;112;144;FR;France
199809;6;77380;67568;87192;133;116;150;FR;France
199808;6;94962;84152;105772;163;144;182;FR;France
199807;6;119146;106618;131674;204;183;225;FR;France
199806;6;152303;138085;166521;261;237;285;FR;France
199805;6;154093;139887;168299;264;240;288;FR;France
199804;6;215366;198033;232699;369;339;399;FR;France
199803;6;182644;167592;197696;313;287;339;FR;France
199802;6;174440;158707;190173;299;272;326;FR;France
199801;6;129061;114266;143856;221;196;246;FR;France
199752;6;91021;78820;103222;157;136;178;FR;France
199751;6;85533;74185;96881;147;127;167;FR;France
199750;6;85721;74909;96533;147;128;166;FR;France
199749;6;74021;63698;84344;127;109;145;FR;France
199748;6;59351;49935;68767;102;86;118;FR;France
199747;6;57672;48241;67103;99;83;115;FR;France
199746;6;55395;45475;65315;95;78;112;FR;France
199745;6;48928;40302;57554;84;69;99;FR;France
199744;6;38263;30700;45826;66;53;79;FR;France
199743;6;51428;42509;60347;88;73;103;FR;France
199742;6;57356;48004;66708;99;83;115;FR;France
199741;6;67405;57008;77802;116;98;134;FR;France
199740;6;61624;51909;71339;106;89;123;FR;France
199739;6;52081;43265;60897;90;75;105;FR;France
199738;6;42311;34536;50086;73;60;86;FR;France
199737;6;46445;38270;54620;80;66;94;FR;France
199736;6;45230;36491;53969;78;63;93;FR;France
199735;6;61869;50266;73472;106;86;126;FR;France
199734;6;71675;51981;91369;123;89;157;FR;France
199733;6;52138;39279;64997;90;68;112;FR;France
199732;6;39287;28968;49606;68;50;86;FR;France
199731;6;46413;36061;56765;80;62;98;FR;France
199730;6;42305;32302;52308;73;56;90;FR;France
199729;6;38062;27539;48585;65;47;83;FR;France
199728;6;33353;25485;41221;57;43;71;FR;France
199727;6;43687;35267;52107;75;61;89;FR;France
199726;6;44790;37431;52149;77;64;90;FR;France
199725;6;46558;38102;55014;80;65;95;FR;France
199724;6;39176;31861;46491;67;54;80;FR;France
199723;6;51038;42641;59435;88;74;102;FR;France
199722;6;40674;33176;48172;70;57;83;FR;France
199721;6;45564;37854;53274;78;65;91;FR;France
199720;6;41399;34284;48514;71;59;83;FR;France
199719;6;44846;37328;52364;77;64;90;FR;France
199718;6;43016;36046;49986;74;62;86;FR;France
199717;6;43108;35782;50434;74;61;87;FR;France
199716;6;37705;30629;44781;65;53;77;FR;France
199715;6;46196;38700;53692;79;66;92;FR;France
199714;6;52656;44809;60503;91;77;105;FR;France
199713;6;50655;42931;58379;87;74;100;FR;France
199712;6;51560;43825;59295;89;76;102;FR;France
199711;6;58044;50188;65900;100;86;114;FR;France
199710;6;65337;56875;73799;112;97;127;FR;France
199709;6;60549;52470;68628;104;90;118;FR;France
199708;6;71751;62468;81034;123;107;139;FR;France
199707;6;92688;82804;102572;159;142;176;FR;France
199706;6;122675;111313;134037;211;191;231;FR;France
199705;6;133948;121998;145898;230;209;251;FR;France
199704;6;168170;155080;181260;289;266;312;FR;France
199703;6;183785;170411;197159;316;293;339;FR;France
199702;6;212688;198402;226974;366;341;391;FR;France
199701;6;208037;193344;222730;358;333;383;FR;France
199652;6;150924;139070;162778;261;241;281;FR;France
199651;6;85365;76691;94039;147;132;162;FR;France
199650;6;74543;66654;82432;129;115;143;FR;France
199649;6;61324;54180;68468;106;94;118;FR;France
199648;6;58598;50868;66328;101;88;114;FR;France
199647;6;60605;52440;68770;105;91;119;FR;France
199646;6;53268;45677;60859;92;79;105;FR;France
199645;6;48887;41394;56380;84;71;97;FR;France
199644;6;40060;33087;47033;69;57;81;FR;France
199643;6;51792;44065;59519;89;76;102;FR;France
199642;6;58998;50653;67343;102;88;116;FR;France
199641;6;54643;46742;62544;94;80;108;FR;France
199640;6;56323;48234;64412;97;83;111;FR;France
199639;6;57250;48858;65642;99;85;113;FR;France
199638;6;53916;46300;61532;93;80;106;FR;France
199637;6;48600;41091;56109;84;71;97;FR;France
199636;6;43977;36740;51214;76;64;88;FR;France
199635;6;49135;40928;57342;85;71;99;FR;France
199634;6;51139;41782;60496;88;72;104;FR;France
199633;6;47935;38573;57297;83;67;99;FR;France
199632;6;50573;40635;60511;87;70;104;FR;France
199631;6;53136;43837;62435;92;76;108;FR;France
199630;6;57630;47861;67399;99;82;116;FR;France
199629;6;44480;35508;53452;77;62;92;FR;France
199628;6;46868;39282;54454;81;68;94;FR;France
199627;6;40432;33196;47668;70;58;82;FR;France
199626;6;39556;32571;46541;68;56;80;FR;France
199625;6;41844;35180;48508;72;60;84;FR;France
199624;6;41071;34650;47492;71;60;82;FR;France
199623;6;35766;29623;41909;62;51;73;FR;France
199622;6;42899;36236;49562;74;62;86;FR;France
199621;6;46708;39490;53926;81;69;93;FR;France
199620;6;48980;41832;56128;85;73;97;FR;France
199619;6;40928;34053;47803;71;59;83;FR;France
199618;6;48356;41265;55447;83;71;95;FR;France
199617;6;44744;37779;51709;77;65;89;FR;France
199616;6;44045;37470;50620;76;65;87;FR;France
199615;6;55018;46953;63083;95;81;109;FR;France
199614;6;62081;54146;70016;107;93;121;FR;France
199613;6;73411;65274;81548;127;113;141;FR;France
199612;6;83208;74539;91877;144;129;159;FR;France
199611;6;79059;70735;87383;136;122;150;FR;France
199610;6;75171;66398;83944;130;115;145;FR;France
199609;6;85433;76130;94736;147;131;163;FR;France
199608;6;99703;89259;110147;172;154;190;FR;France
199607;6;121272;110649;131895;209;191;227;FR;France
199606;6;131569;119822;143316;227;207;247;FR;France
199605;6;132699;121176;144222;229;209;249;FR;France
199604;6;151442;139204;163680;261;240;282;FR;France
199603;6;160458;148808;172108;277;257;297;FR;France
199602;6;161527;149828;173226;279;259;299;FR;France
199601;6;152755;140954;164556;264;244;284;FR;France
199552;6;99266;89600;108932;172;155;189;FR;France
199551;6;68415;60790;76040;118;105;131;FR;France
199550;6;60207;53447;66967;104;92;116;FR;France
199549;6;50904;44427;57381;88;77;99;FR;France
199548;6;55616;48659;62573;96;84;108;FR;France
199547;6;47857;41404;54310;83;72;94;FR;France
199546;6;49201;42456;55946;85;73;97;FR;France
199545;6;43619;37024;50214;76;65;87;FR;France
199544;6;31554;25879;37229;55;45;65;FR;France
199543;6;37283;30697;43869;65;54;76;FR;France
199542;6;41773;34810;48736;72;60;84;FR;France
199541;6;54508;45528;63488;94;78;110;FR;France
199540;6;43854;35339;52369;76;61;91;FR;France
199539;6;46098;38912;53284;80;68;92;FR;France
199538;6;50748;43294;58202;88;75;101;FR;France
199537;6;47827;40837;54817;83;71;95;FR;France
199536;6;52008;44167;59849;90;76;104;FR;France
199535;6;55214;46768;63660;96;81;111;FR;France
199534;6;56965;47723;66207;99;83;115;FR;France
199533;6;51022;40669;61375;88;70;106;FR;France
199532;6;48185;38741;57629;83;67;99;FR;France
199531;6;62497;51943;73051;108;90;126;FR;France
199530;6;51410;43197;59623;89;75;103;FR;France
199529;6;39823;32947;46699;69;57;81;FR;France
199528;6;36238;29634;42842;63;52;74;FR;France
199527;6;39108;32502;45714;68;57;79;FR;France
199526;6;38991;32942;45040;68;58;78;FR;France
199525;6;29510;24490;34530;51;42;60;FR;France
199524;6;40105;33566;46644;69;58;80;FR;France
199523;6;35390;29139;41641;61;50;72;FR;France
199522;6;38624;32439;44809;67;56;78;FR;France
199521;6;36928;30688;43168;64;53;75;FR;France
199520;6;36918;31029;42807;64;54;74;FR;France
199519;6;41630;35227;48033;72;61;83;FR;France
199518;6;32331;26426;38236;56;46;66;FR;France
199517;6;42871;36826;48916;74;64;84;FR;France
199516;6;40701;34711;46691;70;60;80;FR;France
199515;6;45358;39175;51541;79;68;90;FR;France
199514;6;52774;46459;59089;91;80;102;FR;France
199513;6;57922;51274;64570;100;88;112;FR;France
199512;6;61081;54148;68014;106;94;118;FR;France
199511;6;70064;62603;77525;121;108;134;FR;France
199510;6;73725;65768;81682;128;114;142;FR;France
199509;6;71595;63601;79589;124;110;138;FR;France
199508;6;84211;75882;92540;146;132;160;FR;France
199507;6;87106;78908;95304;151;137;165;FR;France
199506;6;130358;120080;140636;226;208;244;FR;France
199505;6;141503;130802;152204;245;226;264;FR;France
199504;6;149701;138876;160526;259;240;278;FR;France
199503;6;184480;172132;196828;319;298;340;FR;France
199502;6;179793;167825;191761;311;290;332;FR;France
199501;6;186997;174230;199764;324;302;346;FR;France
199452;6;142020;130469;153571;247;227;267;FR;France
199451;6;88146;79122;97170;153;137;169;FR;France
199450;6;77933;69561;86305;135;120;150;FR;France
199449;6;73012;65099;80925;127;113;141;FR;France
199448;6;74630;66197;83063;130;115;145;FR;France
199447;6;61891;54685;69097;108;95;121;FR;France
199446;6;66788;59120;74456;116;103;129;FR;France
199445;6;61007;53598;68416;106;93;119;FR;France
199444;6;39939;33982;45896;69;59;79;FR;France
199443;6;40892;34767;47017;71;60;82;FR;France
199442;6;51548;44091;59005;90;77;103;FR;France
199441;6;55440;47813;63067;96;83;109;FR;France
199440;6;48063;41260;54866;83;71;95;FR;France
199439;6;48251;41289;55213;84;72;96;FR;France
199438;6;47168;40025;54311;82;70;94;FR;France
199437;6;52572;45015;60129;91;78;104;FR;France
199436;6;54621;46540;62702;95;81;109;FR;France
199435;6;55453;47481;63425;96;82;110;FR;France
199434;6;66295;57161;75429;115;99;131;FR;France
199433;6;70135;59319;80951;122;103;141;FR;France
199432;6;54907;45975;63839;95;79;111;FR;France
199431;6;53772;44834;62710;93;77;109;FR;France
199430;6;50345;42349;58341;87;73;101;FR;France
199429;6;48920;41172;56668;85;72;98;FR;France
199428;6;38102;31493;44711;66;55;77;FR;France
199427;6;40184;33578;46790;70;59;81;FR;France
199426;6;37523;31558;43488;65;55;75;FR;France
199425;6;40505;34479;46531;70;60;80;FR;France
199424;6;51665;43349;59981;90;76;104;FR;France
199423;6;33453;16601;50305;58;29;87;FR;France
199422;6;34391;22587;46195;60;39;81;FR;France
199421;6;38774;30523;47025;67;53;81;FR;France
199420;6;38681;32844;44518;67;57;77;FR;France
199419;6;32248;27209;37287;56;47;65;FR;France
199418;6;33530;28265;38795;58;49;67;FR;France
199417;6;39894;33949;45839;69;59;79;FR;France
199416;6;38239;32606;43872;66;56;76;FR;France
199415;6;38362;32852;43872;67;57;77;FR;France
199414;6;44953;39003;50903;78;68;88;FR;France
199413;6;42353;36487;48219;74;64;84;FR;France
199412;6;52021;45441;58601;90;79;101;FR;France
199411;6;57987;50989;64985;101;89;113;FR;France
199410;6;61530;54113;68947;107;94;120;FR;France
199409;6;55357;47777;62937;96;83;109;FR;France
199408;6;73030;64397;81663;127;112;142;FR;France
199407;6;79252;70892;87612;138;123;153;FR;France
199406;6;89214;80399;98029;155;140;170;FR;France
199405;6;96210;86816;105604;167;151;183;FR;France
199404;6;120780;110349;131211;210;192;228;FR;France
199403;6;128629;118402;138856;223;205;241;FR;France
199402;6;155746;144422;167070;271;251;291;FR;France
199401;6;186880;174293;199467;325;303;347;FR;France
199352;6;121939;111571;132307;213;195;231;FR;France
199351;6;76331;68468;84194;133;119;147;FR;France
199350;6;72821;65630;80012;127;114;140;FR;France
199349;6;77041;69523;84559;134;121;147;FR;France
199348;6;47546;41397;53695;83;72;94;FR;France
199347;6;58145;50922;65368;101;88;114;FR;France
199346;6;54097;47382;60812;94;82;106;FR;France
199345;6;54145;47591;60699;94;83;105;FR;France
199344;6;48001;41594;54408;84;73;95;FR;France
199343;6;40276;34055;46497;70;59;81;FR;France
199342;6;52681;45708;59654;92;80;104;FR;France
199341;6;56264;49305;63223;98;86;110;FR;France
199340;6;57308;49942;64674;100;87;113;FR;France
199339;6;56618;49287;63949;99;86;112;FR;France
199338;6;52537;45558;59516;92;80;104;FR;France
199337;6;52557;45583;59531;92;80;104;FR;France
199336;6;52211;45105;59317;91;79;103;FR;France
199335;6;49306;41922;56690;86;73;99;FR;France
199334;6;63966;54240;73692;111;94;128;FR;France
199333;6;58409;48623;68195;102;85;119;FR;France
199332;6;61012;50974;71050;106;89;123;FR;France
199331;6;52729;43702;61756;92;76;108;FR;France
199330;6;40403;33083;47723;70;57;83;FR;France
199329;6;42458;35169;49747;74;61;87;FR;France
199328;6;39893;33290;46496;70;58;82;FR;France
199327;6;35966;29972;41960;63;53;73;FR;France
199326;6;38815;32751;44879;68;57;79;FR;France
199325;6;41728;34924;48532;73;61;85;FR;France
199324;6;33710;27250;40170;59;48;70;FR;France
199323;6;37525;31336;43714;65;54;76;FR;France
199322;6;32811;27056;38566;57;47;67;FR;France
199321;6;34536;28570;40502;60;50;70;FR;France
199320;6;35497;29323;41671;62;51;73;FR;France
199319;6;36579;30649;42509;64;54;74;FR;France
199318;6;34739;28927;40551;61;51;71;FR;France
199317;6;30479;24694;36264;53;43;63;FR;France
199316;6;32454;26629;38279;57;47;67;FR;France
199315;6;47587;39964;55210;83;70;96;FR;France
199314;6;44236;36848;51624;77;64;90;FR;France
199313;6;48915;41483;56347;85;72;98;FR;France
199312;6;39402;33613;45191;69;59;79;FR;France
199311;6;45096;39113;51079;79;69;89;FR;France
199310;6;47668;41417;53919;83;72;94;FR;France
199309;6;42500;36278;48722;74;63;85;FR;France
199308;6;50202;43363;57041;88;76;100;FR;France
199307;6;56925;50089;63761;99;87;111;FR;France
199306;6;70408;62557;78259;123;109;137;FR;France
199305;6;81874;73560;90188;143;129;157;FR;France
199304;6;94153;85795;102511;164;149;179;FR;France
199303;6;129031;119085;138977;225;208;242;FR;France
199302;6;164119;153134;175104;286;267;305;FR;France
199301;6;239654;225838;253470;418;394;442;FR;France
199253;6;182891;170198;195584;320;298;342;FR;France
199252;6;125773;114791;136755;220;201;239;FR;France
199251;6;79675;71105;88245;140;125;155;FR;France
199250;6;81240;73585;88895;142;129;155;FR;France
199249;6;75039;67817;82261;131;118;144;FR;France
199248;6;71703;64501;78905;126;113;139;FR;France
199247;6;64886;58104;71668;114;102;126;FR;France
199246;6;60280;53413;67147;106;94;118;FR;France
199245;6;58152;51257;65047;102;90;114;FR;France
199244;6;46602;40567;52637;82;71;93;FR;France
199243;6;50985;44863;57107;89;78;100;FR;France
199242;6;55074;48569;61579;96;85;107;FR;France
199241;6;50016;43919;56113;88;77;99;FR;France
199240;6;46129;40263;51995;81;71;91;FR;France
199239;6;51558;45434;57682;90;79;101;FR;France
199238;6;60804;54091;67517;106;94;118;FR;France
199237;6;53560;47075;60045;94;83;105;FR;France
199236;6;57874;50408;65340;101;88;114;FR;France
199235;6;63023;54579;71467;110;95;125;FR;France
199234;6;69059;59325;78793;121;104;138;FR;France
199233;6;59819;50641;68997;105;89;121;FR;France
199232;6;51503;42971;60035;90;75;105;FR;France
199231;6;46541;38941;54141;81;68;94;FR;France
199230;6;41711;34263;49159;73;60;86;FR;France
199229;6;31025;24602;37448;54;43;65;FR;France
199228;6;35627;28570;42684;62;50;74;FR;France
199227;6;22991;17760;28222;40;31;49;FR;France
199226;6;28541;22718;34364;50;40;60;FR;France
199225;6;28309;23010;33608;50;41;59;FR;France
199224;6;34702;28375;41029;61;50;72;FR;France
199223;6;42896;35815;49977;75;63;87;FR;France
199222;6;34984;28685;41283;61;50;72;FR;France
199221;6;30910;25273;36547;54;44;64;FR;France
199220;6;33576;27748;39404;59;49;69;FR;France
199219;6;33044;26000;40088;58;46;70;FR;France
199218;6;39923;31959;47887;70;56;84;FR;France
199217;6;35565;28593;42537;62;50;74;FR;France
199216;6;37619;29890;45348;66;52;80;FR;France
199215;6;38173;30789;45557;67;54;80;FR;France
199214;6;38870;31484;46256;68;55;81;FR;France
199213;6;40997;33706;48288;72;59;85;FR;France
199212;6;47586;39045;56127;83;68;98;FR;France
199211;6;48012;38538;57486;84;67;101;FR;France
199210;6;51007;40769;61245;89;71;107;FR;France
199209;6;48479;39613;57345;85;69;101;FR;France
199208;6;52800;42657;62943;92;74;110;FR;France
199207;6;75966;64621;87311;133;113;153;FR;France
199206;6;89520;78168;100872;157;137;177;FR;France
199205;6;88930;77827;100033;156;137;175;FR;France
199204;6;77204;66520;87888;135;116;154;FR;France
199203;6;89283;77436;101130;156;135;177;FR;France
199202;6;103264;88802;117726;181;156;206;FR;France
199201;6;100108;84797;115419;175;148;202;FR;France
199152;6;79082;67074;91090;139;118;160;FR;France
199151;6;53903;45156;62650;95;80;110;FR;France
199150;6;58026;48927;67125;102;86;118;FR;France
199149;6;59888;50476;69300;105;88;122;FR;France
199148;6;53635;44853;62417;94;79;109;FR;France
199147;6;39350;31826;46874;69;56;82;FR;France
199146;6;43056;34615;51497;76;61;91;FR;France
199145;6;42844;33364;52324;75;58;92;FR;France
199144;6;31493;22934;40052;55;40;70;FR;France
199143;6;31729;23816;39642;56;42;70;FR;France
199142;6;40793;31514;50072;72;56;88;FR;France
199141;6;41182;32029;50335;72;56;88;FR;France
199140;6;36861;25422;48300;65;45;85;FR;France
199139;6;48857;39662;58052;86;70;102;FR;France
199138;6;64713;53072;76354;114;94;134;FR;France
199137;6;36369;27845;44893;64;49;79;FR;France
199136;6;35973;26580;45366;63;46;80;FR;France
199135;6;49023;36226;61820;86;63;109;FR;France
199134;6;62067;46275;77859;109;81;137;FR;France
199133;6;58157;43385;72929;102;76;128;FR;France
199132;6;47887;34016;61758;84;60;108;FR;France
199131;6;33923;17102;50744;60;30;90;FR;France
199130;6;28432;15874;40990;50;28;72;FR;France
199129;6;30146;20588;39704;53;36;70;FR;France
199128;6;13066;6634;19498;23;12;34;FR;France
199127;6;31675;21605;41745;56;38;74;FR;France
199126;6;31182;22968;39396;55;41;69;FR;France
199125;6;35174;27302;43046;62;48;76;FR;France
199124;6;31618;23332;39904;56;41;71;FR;France
199123;6;25962;19160;32764;46;34;58;FR;France
199122;6;30349;22919;37779;53;40;66;FR;France
199121;6;28041;20063;36019;49;35;63;FR;France
199120;6;29243;21848;36638;51;38;64;FR;France
199119;6;19265;13479;25051;34;24;44;FR;France
199118;6;15305;9766;20844;27;17;37;FR;France
199117;6;27344;20717;33971;48;36;60;FR;France
199116;6;30480;23739;37221;54;42;66;FR;France
199115;6;25094;19209;30979;44;34;54;FR;France
199114;6;27415;21126;33704;48;37;59;FR;France
199113;6;27080;20932;33228;48;37;59;FR;France
199112;6;31763;24857;38669;56;44;68;FR;France
199111;6;46121;38790;53452;81;68;94;FR;France
199110;6;54270;44962;63578;95;79;111;FR;France
199109;6;45425;36773;54077;80;65;95;FR;France
199108;6;65492;55199;75785;115;97;133;FR;France
199107;6;75873;65525;86221;133;115;151;FR;France
199106;6;96921;85469;108373;171;151;191;FR;France
199105;6;86653;75381;97925;152;132;172;FR;France
199104;6;83835;72045;95625;147;126;168;FR;France
199103;6;87350;75307;99393;154;133;175;FR;France
199102;6;119199;104917;133481;210;185;235;FR;France
199101;6;103640;90048;117232;182;158;206;FR;France
199052;6;87762;74935;100589;155;132;178;FR;France
199051;6;60580;49855;71305;107;88;126;FR;France
199050;6;34516;27468;41564;61;49;73;FR;France
199049;6;5209;2439;7979;9;4;14;FR;France
