geo_insee;geo_name;year;rrmse;alpha;mu;sigma;d_alpha;d_mu;d_sigma
44;GRAND EST;1984-1985;0.605233901512638;448.6748208963555;116.82782292620506;26.425110609277407;33.72057561160534;2.3037777827001724;2.3564431253806792
75;NOUVELLE-AQUITAINE;1984-1985;0.40586230285014174;1614.759832771245;103.49867886560271;10.777878615535217;61.97638463821488;0.4776572642423527;0.47767939223464995
84;AUVERGNE-RHONE-ALPES;1984-1985;0.41009782119146154;595.3254810648441;112.83535021624989;31.55623925464075;33.48132978923005;2.1017461209214225;2.136963964819539
27;BOURGOGNE-FRANCHE-COMTE;1984-1985;0.4769490666605051;1100.445467360479;121.67062245248898;25.629959193223005;69.40742437217698;1.8675294874952844;1.8946308662550972
53;BRETAGNE;1984-1985;0.7390881203307632;1066.6721029061239;98.84013277072403;12.364694779999262;84.07818040597542;1.1247871713876147;1.129175849290861
24;CENTRE-VAL-DE-LOIRE;1984-1985;0.6125021321038716;840.0709362538149;125.32815252731196;22.95979159348822;56.10328690954889;1.7697586136212897;1.7774612665172336
94;CORSE;1984-1985;0.9522535883857296;222.67523402050347;127.86535141794946;17.394873492935655;18.55035324717469;1.673275842887837;1.6733334139289673
11;ILE-DE-FRANCE;1984-1985;0.6584564101196146;1332.258140862313;99.01460431359699;13.287620372395189;98.68253480831251;1.1356006135619172;1.1443312371594179
76;OCCITANIE;1984-1985;0.2789526593036894;724.7654290592544;121.71321076786765;26.041286157466732;23.92762097397443;0.9935184241784589;1.008899896813726
32;HAUTS-DE-FRANCE;1984-1985;0.7722336888556041;429.2274179105011;106.70600880482365;51.05505012442958;50.903084878346235;7.152858125169427;7.134930573163506
28;NORMANDIE;1984-1985;0.8172978236021634;124.93094359182372;150.40230408393236;66.17253159817737;17.27320605376664;10.742971735476354;11.130521394565724
52;PAYS-DE-LA-LOIRE;1984-1985;0.7657621391872776;893.2125209063263;118.74062718326415;18.35164692782785;65.3873741487055;1.5509043124170654;1.5531093253080104
93;PROVENCE-ALPES-COTE-D-AZUR;1984-1985;0.5472144620858835;517.0584962763534;114.94675419621963;30.341087029416286;41.567262168912855;2.8660446483847846;2.930408121290321
44;GRAND EST;1985-1986;0.4758546241775493;614.4208280768581;180.0233656204287;18.764807595127333;27.013032042132924;0.9526226186817276;0.9526226160738919
75;NOUVELLE-AQUITAINE;1985-1986;0.8835463820197285;1445.9135798365003;166.3420897364644;5.5247679758779835;91.40176831289502;0.40722686562588034;0.4026909337687172
84;AUVERGNE-RHONE-ALPES;1985-1986;0.40500110739358686;854.4211105306705;165.53737693144913;18.21940277797473;31.71705080237115;0.7809519892756214;0.7809519880857719
27;BOURGOGNE-FRANCHE-COMTE;1985-1986;0.6302259737163152;1175.5221262062523;176.84464406514692;14.241957954348607;80.97134568901191;1.1327644659781881;1.132764470889141
53;BRETAGNE;1985-1986;0.6559010112840324;1114.330435228416;183.76360030083038;12.775601980571086;56.33486544831466;0.7457856284852296;0.7457856307342542
24;CENTRE-VAL-DE-LOIRE;1985-1986;0.6418728699025703;1072.2497824342186;178.83351842233427;10.823438422623004;54.77606574505294;0.6384538103620948;0.6384538427193169
94;CORSE;1985-1986;1.977808587022006;30.70272875349572;79.67674717989986;15.676816793500288;3.802466827534717;2.2418972935145844;2.2418972944936497
11;ILE-DE-FRANCE;1985-1986;0.45616923523826586;704.1147589716908;180.67185724549563;24.30034190787876;35.52712579187182;1.4157884951565183;1.4157884991449512
76;OCCITANIE;1985-1986;0.5050557328073675;580.0012790168724;155.1398757910573;28.150823428123445;28.804342815585265;1.6143194954520788;1.614319495390635
32;HAUTS-DE-FRANCE;1985-1986;0.9500090653064864;332.6209347205505;160.177899115594;66.66737741925392;44.18493382949056;10.216069189542829;10.316903302056943
28;NORMANDIE;1985-1986;0.5877245161087147;767.5744634673658;177.09581104140167;15.266997026497432;43.11190086484653;0.9901469284420926;0.9901469294601638
52;PAYS-DE-LA-LOIRE;1985-1986;0.7894406469036723;381.8942357559992;195.7765008200753;21.855525418410004;29.844368836783396;1.9721952843049442;1.9721952909817921
93;PROVENCE-ALPES-COTE-D-AZUR;1985-1986;0.6022860935184099;1111.536293704056;156.7262023216715;28.230174806858106;76.53472082450844;2.244490604130099;2.2444906133618456
44;GRAND EST;1986-1987;0.45038999582294165;804.2604499783306;161.62134933796608;12.493616049374683;30.289984183134326;0.5433252113642734;0.5433252133498573
75;NOUVELLE-AQUITAINE;1986-1987;0.7072472932102959;401.8785512336539;171.69343075792204;16.004407904846648;24.36246230039959;1.1203025753469826;1.1203025678142018
84;AUVERGNE-RHONE-ALPES;1986-1987;0.5884330827487518;801.8570183236008;162.23393739952468;11.527071800363352;44.65925778472064;0.7413152482016482;0.7413152509308908
27;BOURGOGNE-FRANCHE-COMTE;1986-1987;0.5904589612469737;324.8573353308842;148.65962758789485;57.028288125650775;27.811027363145136;5.634430121445278;5.657190642602841
53;BRETAGNE;1986-1987;0.8206886487189262;193.78503614469912;166.12619916105186;13.970154011962462;15.669206845136205;1.3043595981820595;1.3043596070322536
24;CENTRE-VAL-DE-LOIRE;1986-1987;0.7110655688619366;560.2364358957635;169.351169117025;11.901339755223532;38.2332641643255;0.9378540325975266;0.9378540289515205
94;CORSE;1986-1987;1.26676415600156;168.46245196218308;65.87419138862984;10.519685985466156;24.067596799017178;1.7354085182523629;1.7354088195235138
11;ILE-DE-FRANCE;1986-1987;0.6067901312054167;256.0309904704962;154.62646711574223;46.27573166419202;20.361484114500712;4.249435808429961;4.249812949443191
76;OCCITANIE;1986-1987;0.6461579064133961;557.8528562666783;171.46129515357072;18.261221953964718;35.112980075034045;1.3272331954608738;1.3272331934976256
32;HAUTS-DE-FRANCE;1986-1987;0.5268783312736913;185.28307646728737;142.82180378010344;72.94092940325659;14.57642961487721;6.6359579377151094;6.899741011804587
28;NORMANDIE;1986-1987;0.622203060311893;290.3303419104929;150.503406158861;45.247828744385245;22.96998811207877;4.133581846501367;4.1339785162451
52;PAYS-DE-LA-LOIRE;1986-1987;0.738855795599101;167.8187032745966;175.02416622632904;42.48213166411103;14.894659527762553;4.353773493917808;4.353775776506821
93;PROVENCE-ALPES-COTE-D-AZUR;1986-1987;0.565608658645216;696.3109523895872;152.40741688584927;19.986102034016426;38.274011254154495;1.2685226469710842;1.2685226461127828
44;GRAND EST;1987-1988;0.7406221795993972;296.2101571370878;197.50497686692657;21.028053044116007;29.573501446778113;2.4243116200795107;2.4238318541074775
75;NOUVELLE-AQUITAINE;1987-1988;0.46708389753150076;558.2694944084383;202.21048657428986;15.528341908074845;23.35846527928016;0.7502307547867748;0.7502307537621946
84;AUVERGNE-RHONE-ALPES;1987-1988;0.5987666214480346;634.3639566818601;195.14599654498483;14.43840896985025;36.842445395815325;0.9682748707084226;0.9682748537873901
27;BOURGOGNE-FRANCHE-COMTE;1987-1988;0.8303569858852589;299.2141794241632;186.17658776830925;36.10900424463394;35.56049016749665;4.886859186843487;4.81194765174783
53;BRETAGNE;1987-1988;0.4258522613842747;634.5298564387465;202.26728463569222;18.190314671857074;23.840440990563813;0.789172520278401;0.7891714279523133
24;CENTRE-VAL-DE-LOIRE;1987-1988;0.6824159270829152;565.9597750046049;199.4592947073955;8.866694738225112;28.4982344088211;0.5155277679221952;0.5155598821152879
94;CORSE;1987-1988;2.652233377090382;276.63958664345813;247.87084552965538;2.2323327984323114;29441.99472030811;56.29751902424168;99.87542160423028
11;ILE-DE-FRANCE;1987-1988;0.7925511063282092;363.78865692970254;193.79894935852747;15.097061404194454;40.61163994721408;1.9460911780956813;1.94609084915441
76;OCCITANIE;1987-1988;0.5636202123263244;704.3630046825814;199.601236055508;15.631040241514935;37.11188950933198;0.9509852519259229;0.9509852250150209
32;HAUTS-DE-FRANCE;1987-1988;0.7099856985227915;419.9331242444194;198.0803736505079;16.042736319744854;36.901437586190575;1.627837259123392;1.6278370015774661
28;NORMANDIE;1987-1988;0.6689495905572314;263.59466250560445;184.4748998872287;34.77654164943657;23.253296862923168;3.494061812930026;3.4372902713669995
52;PAYS-DE-LA-LOIRE;1987-1988;0.43183494412812157;744.7099040167554;200.99791436217973;12.66974508079173;25.37085052959981;0.4984081593256798;0.4984081589709893
93;PROVENCE-ALPES-COTE-D-AZUR;1987-1988;0.6211729474013817;297.7806631164575;166.1461232822806;46.86585369238574;23.149180847243628;4.121897185309633;4.229003566004119
44;GRAND EST;1988-1989;0.5180843600933497;1357.7504916515772;105.74447102405368;10.49177718551321;49.33552396227414;0.4402083081334497;0.44020823252412244
75;NOUVELLE-AQUITAINE;1988-1989;0.4740409676080296;2156.4715408319803;99.62391307033754;12.030541274932052;70.00481937785408;0.4509607539357414;0.450960752217659
84;AUVERGNE-RHONE-ALPES;1988-1989;0.3070154929344621;2279.6099561687292;108.45671896847918;9.302200866991905;43.4459044092335;0.20471072779372657;0.20471388555939302
27;BOURGOGNE-FRANCHE-COMTE;1988-1989;0.6287413329047674;1980.1896179120351;104.54846951849292;11.99134081916198;88.08191615034464;0.6159097690942869;0.6159097666222212
53;BRETAGNE;1988-1989;0.29521909825947207;2990.3598507010547;101.03104662908555;10.80152959962027;52.823444141486426;0.22032200679374292;0.22032202120921182
24;CENTRE-VAL-DE-LOIRE;1988-1989;0.6999144977145108;1080.0062116844006;101.41094163717605;9.702358821041402;44.855400428207155;0.4653015379724342;0.46530337726318505
94;CORSE;1988-1989;0.23294086394456118;3502.8071357688586;118.06552141611303;9.244610618158973;44.75753664617607;0.13639868856232606;0.13639698730550387
11;ILE-DE-FRANCE;1988-1989;0.41610175673956823;1635.926596548756;100.77242597959521;11.290274099770766;48.001720575428934;0.38253118489143123;0.3825311881249065
76;OCCITANIE;1988-1989;0.29019833172682236;1948.0636185836065;107.2535554448218;10.870658622306133;35.891431788084134;0.23126657707845058;0.23126658139332532
32;HAUTS-DE-FRANCE;1988-1989;0.3836989845803614;1476.5255732027956;91.50706479645967;13.189350336536894;44.27984940375917;0.45672831257708657;0.45672831228121896
28;NORMANDIE;1988-1989;0.549631834936489;1678.4910290112014;99.66223305944189;10.59469440780566;66.26835319796854;0.48299758429253736;0.4829975810559915
52;PAYS-DE-LA-LOIRE;1988-1989;0.2595819629533154;2514.3585972614687;104.98281050161778;9.48262034876259;38.76397290414969;0.16881083029385258;0.16880940559228852
93;PROVENCE-ALPES-COTE-D-AZUR;1988-1989;0.2926013076900481;2243.9269319868145;109.62696082689986;11.60544707861102;43.41071550302574;0.25925042850687285;0.2592504267042589
44;GRAND EST;1989-1990;0.6386581153981912;1794.3515011449442;107.41487005262908;7.631503704793972;74.77424976974166;0.36702674575112654;0.36744504176264836
75;NOUVELLE-AQUITAINE;1989-1990;0.6623438584246528;1175.3053093097876;121.70100336158355;16.53091571683231;63.271491624159225;1.0275989546352182;1.0275989630399596
84;AUVERGNE-RHONE-ALPES;1989-1990;0.8197943498026721;1520.4353566810537;115.22737950403766;11.931186287924406;93.38147626191724;0.846146905606819;0.8461469076913719
27;BOURGOGNE-FRANCHE-COMTE;1989-1990;0.5626332186070852;1806.9009976698537;109.68891153826577;8.396318620375506;67.57163433048845;0.3625476575740118;0.3625923321922444
53;BRETAGNE;1989-1990;0.42614545843821117;1470.4445750173902;131.78858889734826;16.987605978688066;47.28145013210297;0.6307302750524512;0.6307302748739085
24;CENTRE-VAL-DE-LOIRE;1989-1990;2.023366134248994;1486.4362202179145;109.54415723399093;6.226544496950137;192.81792125262885;0.9199605704595829;0.9442535689893986
94;CORSE;1989-1990;0.6841588959636892;1725.9448084618293;141.8780326225962;16.882754719744906;89.19835594754848;1.0074943665959166;1.0074943703995345
11;ILE-DE-FRANCE;1989-1990;0.46158350014725147;1399.4498408443317;106.36173887340624;10.411198127438912;46.31148532397442;0.3978336109698011;0.3978335715654974
76;OCCITANIE;1989-1990;0.35113923886316806;1654.894951090248;119.00863834822343;11.62746568663065;37.48294650172814;0.3041009164051024;0.304100915336866
32;HAUTS-DE-FRANCE;1989-1990;0.5895461880820981;1620.3063806658201;110.29212365169403;10.113323987724323;72.19854084797053;0.5203488212738206;0.5203488021037102
28;NORMANDIE;1989-1990;0.45376093766187364;2871.0125183312884;105.43744716011783;8.958345427972086;82.11989433046001;0.29588188739900295;0.29586909355191865
52;PAYS-DE-LA-LOIRE;1989-1990;0.46073976006959827;875.6851901999586;120.09193555300098;16.77680841510402;30.89973140863303;0.6835738122240739;0.68357381198958
93;PROVENCE-ALPES-COTE-D-AZUR;1989-1990;0.5746476757459046;1424.7683869602636;130.6093236188133;18.482681783121013;61.588945620793424;0.9225562514849612;0.9225562556023299
44;GRAND EST;1990-1991;0.7106822070812092;93.78376096131215;167.72446906044993;57.95531760173473;9.16371022331265;6.592926963820172;6.454862002631523
75;NOUVELLE-AQUITAINE;1990-1991;0.912433169446087;129.71327751171458;176.24714738617988;23.148112825384747;11.990166492604791;2.4758581703921996;2.5277084450358753
84;AUVERGNE-RHONE-ALPES;1990-1991;0.6515620970020468;355.02250893385184;182.8134307964898;12.347886158187979;22.411253303373773;0.9000615994249198;0.900061668730416
27;BOURGOGNE-FRANCHE-COMTE;1990-1991;0.8569147283709028;476.7279089345082;183.635271496877;6.307824633853804;28.81346499964647;0.44118884412305553;0.43950903193900864
53;BRETAGNE;1990-1991;0.6218528080983944;541.5801083162082;182.8327935857869;20.13845844824621;36.68182257531707;1.5743666713579025;1.5795234782269016
24;CENTRE-VAL-DE-LOIRE;1990-1991;1.1883510796888164;118.23562818347376;124.20447160106882;9.871138277003563;17.113750349607184;1.1142066725892081;1.2812410773418088
94;CORSE;1990-1991;1.1396623773405608;225.83570089338502;174.99999999931848;7.422581470084812;11.46806548164557;0.4359188805081479;0.4344450327195772
11;ILE-DE-FRANCE;1990-1991;0.8203597892689316;275.75383742263324;178.3768840224343;13.853454936445722;29.42664969841072;1.7070397373815007;1.707092801406141
76;OCCITANIE;1990-1991;0.555991266604998;218.759461872145;180.35608747389804;17.494137785570956;10.387557159235378;0.9590243268705535;0.9600562376708146
32;HAUTS-DE-FRANCE;1990-1991;0.6112471960171058;504.88186998210983;179.94481895256962;11.509367940164935;28.929622886861853;0.7615068865764258;0.7615069216808072
28;NORMANDIE;1990-1991;0.6910555821885976;807.8800524394944;177.71842797231145;5.178425543960003;40.97931794575013;0.26974645689934124;0.3245669514962313
52;PAYS-DE-LA-LOIRE;1990-1991;0.943696627978409;267.956106389129;180.49407496692962;11.403668603316659;24.194923324815264;1.1889800012593585;1.1889800206796057
93;PROVENCE-ALPES-COTE-D-AZUR;1990-1991;0.8428616832005865;533.3744968863409;152.00603945198802;38.302361846741285;48.760580448345024;4.072012381142038;3.9397151330630313
44;GRAND EST;1991-1992;0.6082109421627572;220.28786783183182;145.83726035739934;26.718226567779567;13.47994349950444;1.8878804580198794;1.8878804641608418
75;NOUVELLE-AQUITAINE;1991-1992;0.5896165654501966;666.1522681929504;122.31811228640669;10.272928794184734;26.154130532491624;0.46572584043826615;0.4657260727051049
84;AUVERGNE-RHONE-ALPES;1991-1992;0.6211257713615344;712.3253946284191;122.23534911119322;12.978306787284433;37.465781181286786;0.788213325105095;0.7882133270731312
27;BOURGOGNE-FRANCHE-COMTE;1991-1992;0.7097906468148663;317.230363980126;134.34742254134017;29.81050872514068;22.477850722905877;2.439039253220393;2.4390392710005226
53;BRETAGNE;1991-1992;0.844225801876363;1026.0089891635416;136.55335634331848;24.80426677683815;75.70553076699296;2.113353785596993;2.113353780159876
24;CENTRE-VAL-DE-LOIRE;1991-1992;0.9150676864560461;94.06149305176156;123.13922403493478;12.984451000185645;8.764931486439426;1.3971068430651425;1.3971068479903068
94;CORSE;1991-1992;1.3076388852512084;1218.1530600180245;157.08506631728469;13.58850679787765;96.5399315226437;1.2435012672251853;1.2435012655944289
11;ILE-DE-FRANCE;1991-1992;0.6765720478584872;411.5496467847613;126.47125735748753;17.18382843870764;27.124619751923618;1.3077680532056277;1.307768051763702
76;OCCITANIE;1991-1992;0.9823834619702652;548.8963639098096;124.828622771538;9.845273708539272;47.82865475405337;0.9905928388985435;0.9905916601873808
32;HAUTS-DE-FRANCE;1991-1992;0.8093483972904738;520.9586570120364;122.70865894148375;12.707532616446679;39.89007418136508;1.1235494368761778;1.123549439909345
28;NORMANDIE;1991-1992;0.6583577008387891;230.77825540913994;157.37871035993604;32.00837481677024;16.038099765856348;2.568567705779577;2.5685677117649144
52;PAYS-DE-LA-LOIRE;1991-1992;0.5673685059460969;824.0300723369058;116.207112372524;10.779752270327963;29.715865700820288;0.4488729829559469;0.4488730104673153
93;PROVENCE-ALPES-COTE-D-AZUR;1991-1992;0.5616565445024372;645.3961008035578;138.28092389077747;18.524429866306285;30.127935021153746;0.9985211045492498;0.9985211060320585
44;GRAND EST;1992-1993;0.3659995392886584;318.6660715141986;154.57368829484216;25.158247255221752;12.644655538144093;1.0988395107125142;1.127293138955161
75;NOUVELLE-AQUITAINE;1992-1993;0.5008207824893088;452.43203475341187;164.93900913890184;20.75218637973639;21.360046214296027;1.1191045676103875;1.0867871819226835
84;AUVERGNE-RHONE-ALPES;1992-1993;0.35014237616704086;774.2697743698634;166.36136770731346;16.41813515108083;22.752869628036763;0.557362398209628;0.54972527725665
27;BOURGOGNE-FRANCHE-COMTE;1992-1993;0.5680146528518358;608.2743126319215;163.18148445140574;16.76761564103408;31.59877564102186;1.0041411401833358;0.9802210726464989
53;BRETAGNE;1992-1993;0.49052278002963723;730.1326717138923;168.76699933938403;25.56148055514629;38.973246481282914;1.5464510451928888;1.5134822480085373
24;CENTRE-VAL-DE-LOIRE;1992-1993;0.5389914995810541;662.9727248765972;155.52197359856518;16.00274874791837;30.792464033209313;0.8450658279372504;0.8140905238256726
94;CORSE;1992-1993;1.2230341787275985;175.0763054714712;192.09497489730933;11.619930546549506;17.48959434183322;1.3403717459760887;1.3403717563254882
11;ILE-DE-FRANCE;1992-1993;0.4476909443620703;275.48584837716294;163.07639357596472;28.2691790322051;14.287370696918517;1.630876648342406;1.639438257597605
76;OCCITANIE;1992-1993;0.7131323545497368;661.8252555792695;180.60410653335967;13.141544272339408;42.096441934915426;0.965201741168262;0.9651993088244503
32;HAUTS-DE-FRANCE;1992-1993;0.6638737773197833;446.9748159191659;155.39458792916355;22.37187016400642;32.97414512031668;1.8208800741994893;1.8321434568887556
28;NORMANDIE;1992-1993;0.6990762451555352;165.19745611935463;149.24668492725775;54.88582584451449;14.99397811135994;5.884328453177234;5.923981890134569
52;PAYS-DE-LA-LOIRE;1992-1993;0.6626399583931392;467.47683228539086;154.0709328163575;19.217533472451084;27.337028751500767;1.2461759725490031;1.232037249671524
93;PROVENCE-ALPES-COTE-D-AZUR;1992-1993;0.5823022072293247;240.73180430061404;177.91673394611294;33.138170289748686;15.820669640381462;2.4653360564916844;2.433464850281597
44;GRAND EST;1993-1994;0.4516985299492908;1079.2424329790547;102.3075239604426;10.05070871124211;30.9013450137603;0.3322953606999582;0.33229564651865956
75;NOUVELLE-AQUITAINE;1993-1994;0.5621102091356615;1712.0813357584864;99.84291128081357;8.858070793605915;58.10063470498375;0.3471075171032386;0.34710936900214023
84;AUVERGNE-RHONE-ALPES;1993-1994;0.5457872740341002;1673.1509296370848;100.3848001811113;9.580152169733676;56.74549309494558;0.37517807528164526;0.37517930186648085
27;BOURGOGNE-FRANCHE-COMTE;1993-1994;0.30201443087263397;2103.889186380849;103.19321646305137;8.235395165693891;35.80591353689598;0.16183848163134734;0.1618418119275618
53;BRETAGNE;1993-1994;0.33723335067432525;2765.666749519079;93.27917554986666;8.992561240340493;53.95383780709873;0.2025684294384292;0.20257232158196858
24;CENTRE-VAL-DE-LOIRE;1993-1994;0.5333973536697844;1614.0101493696168;100.18576501804539;10.627626212188565;53.28454396240932;0.405135802483054;0.4051358222856506
94;CORSE;1993-1994;0.45420443095801427;852.4549985736594;118.73858023038247;14.973368469811193;26.708472828998847;0.5417095301356881;0.5417095313750403
11;ILE-DE-FRANCE;1993-1994;0.39706415150006047;1031.6975946484583;99.31233246264256;9.129646701755265;26.504976309549605;0.2708321555384389;0.2708293450169003
76;OCCITANIE;1993-1994;0.36377429390585486;1313.697484377017;97.26612457603915;11.435539590393324;31.147568953177313;0.313079634978371;0.31307963216787965
32;HAUTS-DE-FRANCE;1993-1994;0.36118420187521527;1162.9168315671864;101.52999402576758;13.610487527449921;29.315072538689126;0.3961734510462974;0.39617345020396466
28;NORMANDIE;1993-1994;0.3893388554808821;1218.2041670448036;96.47203801873877;9.380918418740073;29.35330533912157;0.26100695557236014;0.2610063420064969
52;PAYS-DE-LA-LOIRE;1993-1994;0.3634489822588794;1822.155034322901;99.01924319823924;7.971381489128009;37.948968925155086;0.19174156448035365;0.19164401131145073
93;PROVENCE-ALPES-COTE-D-AZUR;1993-1994;0.49589419733421525;1525.9272162658415;103.94945441711005;11.71993819172382;51.04953548562398;0.4527439625373366;0.4527439641002057
44;GRAND EST;1994-1995;0.5757147408561867;292.64668160625087;216.53500913534293;16.277287419947736;17.6417564001291;1.13305142215712;1.1330514204866675
75;NOUVELLE-AQUITAINE;1994-1995;0.5705197166350636;246.94867368396453;220.5705371275499;14.197616324035714;14.36797290272048;0.9538357800482176;0.9538357737715135
84;AUVERGNE-RHONE-ALPES;1994-1995;0.37438486459946096;527.3766181393506;211.95712296876286;13.378851567633482;15.714095594021686;0.46031669536440467;0.4603166932498669
27;BOURGOGNE-FRANCHE-COMTE;1994-1995;0.618499397455777;533.2708148450752;219.866437125043;10.87502812490232;28.71278295136254;0.6761253604182199;0.676125388895018
53;BRETAGNE;1994-1995;0.7014510990813494;521.1444629472885;219.53082809930018;13.443239904200073;35.819563028678886;1.066928889960517;1.0669288963311092
24;CENTRE-VAL-DE-LOIRE;1994-1995;0.6794026163893871;430.7907718179388;226.5486567672969;9.181087745972043;24.823432266218322;0.610880435472496;0.6108896534906496
94;CORSE;1994-1995;1.400744562773618;185.18425401191482;212.60560260383826;31.024772194662066;28.435113068433374;5.500838247639351;5.5008382598794725
11;ILE-DE-FRANCE;1994-1995;0.6359298337685556;284.33129507828124;215.9965776716006;17.030424724871136;20.50751368283498;1.4183492911363604;1.4183492872258225
76;OCCITANIE;1994-1995;0.5370496512216064;381.79987080913605;216.2619919378228;14.320326695637675;18.982434088595717;0.8221260683857323;0.8221260666235461
32;HAUTS-DE-FRANCE;1994-1995;0.6547350717372804;333.4409002338112;214.90998988925196;17.41844753104629;24.50074542698344;1.4778802435801617;1.4778802382568788
28;NORMANDIE;1994-1995;0.7019316868969175;360.2461807897934;221.11938414751768;13.578603800182822;22.163180278994272;0.9646220403800503;0.9646220396419736
52;PAYS-DE-LA-LOIRE;1994-1995;0.6860266918898719;316.7458045637937;217.8393553156269;20.498140905397687;25.491313385089008;1.9048693186417016;1.9048693149232359
93;PROVENCE-ALPES-COTE-D-AZUR;1994-1995;0.6971448667131493;380.23402240759106;215.82853466379632;20.359087927007607;28.80882288599692;1.781157110282095;1.781157108478899
44;GRAND EST;1995-1996;0.5174797456611426;1255.1931088881618;111.68136564513121;8.683035397636427;44.81780289958604;0.35801435056290026;0.357976772228123
75;NOUVELLE-AQUITAINE;1995-1996;0.42694666950164717;1035.239388708598;113.79917827568738;11.611464609346545;32.611477679573696;0.4223631905048691;0.4223631940090584
84;AUVERGNE-RHONE-ALPES;1995-1996;0.3925523816306769;907.245580893422;101.49257868993381;15.693990832334254;28.548039905484085;0.5702354325271333;0.5702354298935242
27;BOURGOGNE-FRANCHE-COMTE;1995-1996;0.4137631522860306;1597.292878000322;107.48166275127554;9.715431548615637;43.3584529696823;0.3045231269593114;0.30452383284876233
53;BRETAGNE;1995-1996;0.5327106409431761;4979.212814432079;111.14426396256928;5.813735214064055;134.72885979572163;0.18794971283222167;0.17695970873777556
24;CENTRE-VAL-DE-LOIRE;1995-1996;0.8903425402912525;1256.6845824163574;107.05860786348596;9.709995307693877;92.7744429526992;0.8277330039448251;0.8277338806117064
94;CORSE;1995-1996;2.062849436966418;641.0776705081029;116.76087077544219;14.431373351475766;84.1263206089782;2.186745669883114;2.186745662734419
11;ILE-DE-FRANCE;1995-1996;0.5149465843217037;522.2755672807721;106.17706581531156;13.304635911511705;24.676079820095087;0.7258532369423575;0.7258532396751215
76;OCCITANIE;1995-1996;0.4440845645201812;1122.2752473928542;116.44919234938568;9.410828912917296;34.20936407369928;0.3312391000755079;0.3312414459264711
32;HAUTS-DE-FRANCE;1995-1996;0.5844805119350874;1585.4203871880763;108.94758257120779;9.555430063034613;68.0039160345245;0.47326895115492207;0.4732718249303359
28;NORMANDIE;1995-1996;0.25679289679198924;1156.094793492287;109.51235026590298;9.485759409172383;18.055032153328465;0.17105878376248862;0.1710596623146403
52;PAYS-DE-LA-LOIRE;1995-1996;0.6903629478129428;1897.0388467708003;108.02585266667249;9.343843652443976;92.28104674255164;0.5248425264653065;0.5248489571770114
93;PROVENCE-ALPES-COTE-D-AZUR;1995-1996;0.29048291817840344;1453.4187423665728;106.76880526365878;11.246363295345411;27.210494373521346;0.24312362061033643;0.24312362121376788
44;GRAND EST;1996-1997;0.5598136669609355;1046.9436145241302;119.4390639730203;16.142195519722492;45.57339913104713;0.7291211548371971;0.7182766793753548
75;NOUVELLE-AQUITAINE;1996-1997;0.5891536920339211;865.7575990142743;112.96950713595314;15.803978018195883;38.42034915142158;0.8699200662317764;0.7831580940133873
84;AUVERGNE-RHONE-ALPES;1996-1997;0.4791771897709903;1714.8091272955608;105.16654686991801;11.51559965018716;60.241275224916386;0.48529370046810183;0.5194749843865257
27;BOURGOGNE-FRANCHE-COMTE;1996-1997;0.5828919923476613;1192.2878710012353;111.69595953779965;14.81267731216793;44.520022443780874;0.7151052044462108;0.6464488203759555
53;BRETAGNE;1996-1997;0.6273585778913501;844.724135979657;143.31653323230574;27.32705769662019;45.66361385125104;1.7056392882198719;1.6323454500401413
24;CENTRE-VAL-DE-LOIRE;1996-1997;0.6912346303530967;626.7238004887835;122.21959703929244;19.507655988891134;35.967672987735895;1.1064898734925546;1.1580022634416467
94;CORSE;1996-1997;0.5485151705605743;709.1806615345868;121.59956470064792;12.40055081042358;24.053022852522;0.4045202169145086;0.4069964955794834
11;ILE-DE-FRANCE;1996-1997;0.5195037349569848;1036.4236943783314;108.60175926417921;15.340897667482766;38.31411625181888;0.7391175670828952;0.696094744192379
76;OCCITANIE;1996-1997;0.9692708651667421;985.5832978382998;115.18787345366623;21.240281483742685;79.6300182146165;1.9007720243558512;1.834302778089926
32;HAUTS-DE-FRANCE;1996-1997;0.5994650575087641;826.2955302401774;120.2659316080321;19.04404183142798;42.0870868040602;0.9862639092227573;1.0053080104189638
28;NORMANDIE;1996-1997;0.5212120445427227;801.4250590988635;118.98256671487792;15.854186925858336;32.84835726959482;0.6847978271004816;0.6653670505648501
52;PAYS-DE-LA-LOIRE;1996-1997;0.6664125406678897;724.057897087507;129.62519801232676;21.641237186311876;43.72949964023271;1.308013583595023;1.3674307441263271
93;PROVENCE-ALPES-COTE-D-AZUR;1996-1997;0.45823220151819294;944.2921464292904;118.05662357007436;15.67041846521479;35.282482057740175;0.6363867435781798;0.6041865034918242
44;GRAND EST;1997-1998;0.6977077787177074;430.86083393945944;209.025773200878;23.801452063237996;29.630887489107188;1.890081212871939;1.890081220381894
75;NOUVELLE-AQUITAINE;1997-1998;0.7377117187555452;562.4668781655697;176.0346614461458;12.801655719199513;38.31534917101615;1.006957981555046;1.0069579853312283
84;AUVERGNE-RHONE-ALPES;1997-1998;0.38966493057286034;755.3231165005748;203.82025336937053;17.45335664447463;25.135840784390734;0.6706701453846056;0.6706701456759326
27;BOURGOGNE-FRANCHE-COMTE;1997-1998;1.1620994150067234;411.99845320957314;192.22272203683215;29.753056220789098;44.81982658100509;3.7374512715150576;3.7374512693581288
53;BRETAGNE;1997-1998;0.4963306859593552;1414.4349778361666;206.4560044678214;14.22266639949164;51.655014304336035;0.599763308354287;0.5997633078228404
24;CENTRE-VAL-DE-LOIRE;1997-1998;0.9620791923747157;254.98092025780602;184.60742774676953;51.214245263696455;33.47513288332173;7.7636404930938845;7.764404887707095
94;CORSE;1997-1998;inf;1e-10;357.0;50.0;2.7705753767564318e-11;43.511202242391036;27.492297014914442
11;ILE-DE-FRANCE;1997-1998;0.5095552646325104;325.6954796430602;197.86458250360576;27.611233119875727;17.47346189916395;1.7104973235420713;1.7104973236348768
76;OCCITANIE;1997-1998;0.47656995790621015;536.0138744524224;186.88260992533995;22.923928427564523;22.514123221073756;1.1118275289241697;1.1118275252474705
32;HAUTS-DE-FRANCE;1997-1998;0.8290531843453415;420.88268126627696;200.4887657531067;29.750561639120004;36.02916099903663;2.940746796728141;2.940746794421003
28;NORMANDIE;1997-1998;0.573393716950357;441.18311125218145;207.51536916442453;16.41186221252235;21.060922469238275;0.9046607356086158;0.9046607385146748
52;PAYS-DE-LA-LOIRE;1997-1998;0.6674247647974715;558.0943699446967;202.33993834041127;25.58563471422366;34.26715392161574;1.8139944762687035;1.8139944693878083
93;PROVENCE-ALPES-COTE-D-AZUR;1997-1998;0.6072614377580506;605.1700976478152;173.4699079245036;15.246395356075057;35.01252699110471;1.018550445725479;1.0185504471357703
44;GRAND EST;1998-1999;0.3761387122926859;654.8298923776421;156.61551436245318;20.814865045383137;21.282569470518485;0.7527195780446426;0.7439984020523596
75;NOUVELLE-AQUITAINE;1998-1999;0.490749737746211;761.0996347901313;163.03469038242272;14.14960670341367;29.194789674749767;0.627213291577812;0.6211242078783223
84;AUVERGNE-RHONE-ALPES;1998-1999;0.41865832032460215;1153.5081312727534;161.30404153877424;15.095266140907107;36.10277884430505;0.5454209822692315;0.534358985213731
27;BOURGOGNE-FRANCHE-COMTE;1998-1999;0.5666338812573244;714.7984910857848;160.73259034025395;17.540639857961075;31.821887946543974;0.894633521234749;0.8661603721629457
53;BRETAGNE;1998-1999;0.5316488953865317;1170.0242269357348;166.7931714789249;14.01294646926011;47.71171873450644;0.6601237901306819;0.6579960873432916
24;CENTRE-VAL-DE-LOIRE;1998-1999;0.5641302842913558;431.8821031731317;159.6051069656594;26.128208096845018;23.612422924949076;1.5828042346918878;1.5960704384047815
94;CORSE;1998-1999;inf;1e-10;357.0;50.0;2.7427296008177e-11;43.0738884718405;27.21598200523441
11;ILE-DE-FRANCE;1998-1999;0.6296688593711111;399.32409715585044;160.3594388189065;20.64683169437188;23.193035273871832;1.3531615371157557;1.3186971204557565
76;OCCITANIE;1998-1999;0.43007318062905703;1130.5795383176028;161.51162895040832;15.746284177219504;38.57777630299836;0.6196971598349034;0.6051637507307711
32;HAUTS-DE-FRANCE;1998-1999;0.4968537887265788;552.4662490336137;152.80619107493345;25.70372752087119;29.11532526940197;1.492608403304197;1.5444635221939857
28;NORMANDIE;1998-1999;0.6020342612853588;342.8336040494424;154.83194553718386;18.792391019649067;17.882249941149922;1.092757032318374;1.072145094949217
52;PAYS-DE-LA-LOIRE;1998-1999;1.3024198749151725;1320.066742569746;155.85699976417698;15.072082585606314;130.6758252628483;1.707475537272905;1.6451254765279923
93;PROVENCE-ALPES-COTE-D-AZUR;1998-1999;0.435404699931531;679.1863233107973;153.56655586146644;27.56903315784256;29.788296760940444;1.337604871655371;1.385743035164579
44;GRAND EST;1999-2000;0.5328122659630367;1038.1225858239218;131.962115353892;20.08526773057645;45.21783572352245;1.0102017733345852;1.0102017725215648
75;NOUVELLE-AQUITAINE;1999-2000;0.3966696190200282;574.6087261165236;137.0088688696328;13.229811188536598;17.715792904519063;0.47098968290498017;0.47098968482662157
84;AUVERGNE-RHONE-ALPES;1999-2000;0.28114254300852215;864.7318521662478;134.09630083917423;18.162189813030583;20.22097737125266;0.4904088137589828;0.4904088118346765
27;BOURGOGNE-FRANCHE-COMTE;1999-2000;0.641219892656357;904.1117090547233;132.60311663947923;17.01025093194715;43.2248737093481;0.939056513390057;0.9390565134001414
53;BRETAGNE;1999-2000;0.5612771115095315;1012.1583904571797;126.395261044583;20.52265568164697;45.492303585992794;1.0651048883796606;1.0651048859608148
24;CENTRE-VAL-DE-LOIRE;1999-2000;0.5773321202833784;429.77448337934624;129.1479611640118;16.74382328663598;20.51130011542343;0.9227340859404157;0.9227340920632905
94;CORSE;1999-2000;inf;1e-10;357.0;50.0;2.7705753767564318e-11;43.511202242391036;27.492297014914442
11;ILE-DE-FRANCE;1999-2000;0.4482259156790487;594.7157487753171;126.31904592960302;20.07285421450437;21.915056740078978;0.8541057854484182;0.8541057817561319
76;OCCITANIE;1999-2000;0.26437339588327874;984.8262692474468;134.6939971393888;14.673482162416969;19.028422061483084;0.32737514834108955;0.3273751493224333
32;HAUTS-DE-FRANCE;1999-2000;0.4547171769826244;1391.2229040475395;130.99164204572793;14.504414688850284;45.87203925913027;0.5522311597734504;0.5522311601145783
28;NORMANDIE;1999-2000;0.8019840957122756;628.2679209483373;127.53063262519868;15.487333274708792;37.41810954492825;1.065081816030919;1.0650818166029121
52;PAYS-DE-LA-LOIRE;1999-2000;0.7932684159262746;719.1062997351399;136.66217231371658;13.905914939474595;41.295394296133416;0.9220988122967751;0.9220988131466304
93;PROVENCE-ALPES-COTE-D-AZUR;1999-2000;1.066432438751273;1163.0244642946502;138.5612666964439;13.897839721113252;89.32520153589961;1.2325422751402313;1.2325422709365481
44;GRAND EST;2000-2001;0.8776116825425533;97.46275200572602;137.41396004814885;58.95176043031289;11.519260809697249;8.037951229063951;8.132915104078416
75;NOUVELLE-AQUITAINE;2000-2001;0.9204532951247355;172.63612050781595;153.6682319394717;27.638820396480124;16.538035081021867;3.057321528843622;3.05732152043512
84;AUVERGNE-RHONE-ALPES;2000-2001;0.805393957380836;259.150765611347;121.72705185419242;69.62412022520178;30.19290544658208;9.460552933396855;10.057699101176226
27;BOURGOGNE-FRANCHE-COMTE;2000-2001;0.6039436889948997;470.9792453545113;156.2116431328277;10.849625411182911;18.946051629179;0.5039657919133822;0.5039658035256767
53;BRETAGNE;2000-2001;0.634430848057802;441.2057016627919;125.6178882639769;24.337675944199102;28.368952920304572;1.8069688412318365;1.8069688372039134
24;CENTRE-VAL-DE-LOIRE;2000-2001;0.6412424795664141;119.15696865407492;142.62523133390764;33.581518157226135;7.635179302479937;2.4846743443488175;2.484674634214034
94;CORSE;2000-2001;inf;1e-10;357.0;50.0;2.7705753767564318e-11;43.511202242391036;27.492297014914442
11;ILE-DE-FRANCE;2000-2001;0.745732812626257;169.44648343033523;154.95240037846477;34.505571897632365;14.250466578046327;3.350851037512951;3.350851091256945
76;OCCITANIE;2000-2001;0.610866067700534;150.81033109960075;116.28549504540865;50.93229855121362;11.721046736515776;4.566529147150208;4.628089043502749
32;HAUTS-DE-FRANCE;2000-2001;0.9297194794728988;1058.171230087359;155.7200841009185;8.575643249627621;81.4551728544898;0.7622537241972454;0.7622506354447053
28;NORMANDIE;2000-2001;0.916134088180726;110.57516730916319;141.82934725689705;39.92562328830548;11.234648517214186;4.684041895133159;4.684144626181086
52;PAYS-DE-LA-LOIRE;2000-2001;1.2181610595745826;132.6660891083949;154.64777329363702;65.24423578597667;21.43173776882455;12.158468294161006;12.290857734806004
93;PROVENCE-ALPES-COTE-D-AZUR;2000-2001;0.5993944180474617;562.4875366573831;147.77646438077022;15.486988658272216;26.91600819664896;0.8557247579213499;0.8557247579657906
44;GRAND EST;2001-2002;0.5167479891867189;485.6626429044619;156.03234630551015;11.300142676053996;22.098183840246644;0.5931186990747916;0.5996435633450368
75;NOUVELLE-AQUITAINE;2001-2002;0.4059560123469882;397.3737267774308;157.16603199877025;18.747729499716545;14.441208377758427;0.8156661354558721;0.8451998797829489
84;AUVERGNE-RHONE-ALPES;2001-2002;0.350085043175782;1323.6505800471612;157.33249423838;13.146929851871931;37.72849685990692;0.43263529384808613;0.44246541726909144
27;BOURGOGNE-FRANCHE-COMTE;2001-2002;0.43185627965249296;1759.739071408236;154.22316771423402;8.731176365454994;46.36602656227368;0.26559397993126804;0.2658781618552929
53;BRETAGNE;2001-2002;0.7832287616602305;454.90474722964547;163.11586054327788;18.520014973681867;36.93039500927578;1.7503782383572581;1.811614447013544
24;CENTRE-VAL-DE-LOIRE;2001-2002;0.5640234749277805;291.2420572990666;156.72576061883217;12.590097403556667;11.53670897159771;0.5755466968078812;0.5871422424523806
94;CORSE;2001-2002;inf;1e-10;357.0;50.0;2.7992868616855576e-11;43.962111815282356;27.7772024703779
11;ILE-DE-FRANCE;2001-2002;0.4884481662614743;493.7724822889204;151.70915510968325;10.463937624958355;20.098482763087997;0.49142739686682896;0.5028560043187816
76;OCCITANIE;2001-2002;0.28778223763604566;488.1215490635083;157.86138631259402;21.120656048852524;11.311917490413464;0.5933594149153787;0.6048803653464518
32;HAUTS-DE-FRANCE;2001-2002;0.6733008801247222;522.8568363119906;154.00756767827568;12.436529678587368;34.91692860878418;0.9607225636540812;0.9932805677600829
28;NORMANDIE;2001-2002;1.0582618074384105;142.44227541562702;155.54198726036276;9.151682290672694;15.80282379321086;1.172132583190239;1.1734570512239284
52;PAYS-DE-LA-LOIRE;2001-2002;0.6666287708787045;236.56543248981095;160.21653537328675;24.072641591026873;16.730898309992998;2.067291446473638;2.0821550327948373
93;PROVENCE-ALPES-COTE-D-AZUR;2001-2002;0.6168561980922697;561.3424439718531;156.54636766983188;18.233341609279208;28.116724166630874;1.0929867973770815;1.134606108229968
44;GRAND EST;2002-2003;0.46396125686456763;274.03239166534865;192.44675505575103;29.23123186131949;14.050600691764451;1.7306509223790196;1.7306509267666328
75;NOUVELLE-AQUITAINE;2002-2003;0.8368819988226778;396.8922054349284;178.25048502425562;11.769358525157317;30.991295939175004;1.061180673714842;1.061180671333157
84;AUVERGNE-RHONE-ALPES;2002-2003;0.7181447896954238;579.1590103582992;168.871809059025;20.653795872208814;46.69564024748787;1.9228604510425038;1.9228604478533162
27;BOURGOGNE-FRANCHE-COMTE;2002-2003;1.0687329892702813;163.12509351191216;186.77734746735095;29.240253577361024;15.8391763088058;3.27840289109068;3.2784028815996917
53;BRETAGNE;2002-2003;1.074326904366248;383.09687573382286;183.25941321121198;12.903925184214328;38.91420902296041;1.5135291936109263;1.5135291939757702
24;CENTRE-VAL-DE-LOIRE;2002-2003;1.4901948614632081;94.73911402812831;187.6151782914601;16.511138854924045;11.305411761411273;2.2751155858683516;2.2751155930451126
94;CORSE;2002-2003;inf;1e-10;364.0;50.0;2.7427296997893568e-11;43.073892593501476;27.215985431903682
11;ILE-DE-FRANCE;2002-2003;0.7784278053841547;82.87897830472119;199.63576312768652;36.5701194313043;7.936280102678746;4.043601468983944;4.043601545678301
76;OCCITANIE;2002-2003;0.9869466454078639;343.8627863306572;174.1036692535369;16.383984234066386;30.734652110457315;1.690954865591563;1.6909548657222095
32;HAUTS-DE-FRANCE;2002-2003;0.9225933442892251;628.4375392936697;167.01697266690755;7.027240528109398;42.41799281636878;0.5491262475045059;0.5461733358379584
28;NORMANDIE;2002-2003;1.4137496614323295;281.3721913330798;179.93620032299947;13.40011538541311;34.18285499268874;1.8797715274321618;1.8797715375495505
52;PAYS-DE-LA-LOIRE;2002-2003;0.6105497873740313;2333.143369600646;181.80021750892507;3.309291951376462;45.31359400251577;0.19850223863130234;0.09609107465216854
93;PROVENCE-ALPES-COTE-D-AZUR;2002-2003;0.5514320007508086;403.08312810209156;178.13838550703255;21.546762496476838;19.697946901033987;1.2158436649941506;1.21584366931518
44;GRAND EST;2003-2004;0.7988418571403557;675.5867782004437;101.82819490008156;11.900718682503884;45.45511780674355;0.9245793859211722;0.9245793891064685
75;NOUVELLE-AQUITAINE;2003-2004;0.6641135127667444;1046.8849971545483;100.45491039825706;11.957751049155581;51.80211511955087;0.6832307346413689;0.6832307352816911
84;AUVERGNE-RHONE-ALPES;2003-2004;0.5758551022123343;837.6113846500714;100.6584276208851;16.29883143584729;44.416107262726086;0.9979844176307128;0.9979844156742173
27;BOURGOGNE-FRANCHE-COMTE;2003-2004;0.6739168484631455;682.7357915144414;96.74721434959625;12.608850880524125;34.13381750117255;0.7279089637874959;0.7279089650712346
53;BRETAGNE;2003-2004;0.6915126935691652;911.1657966519454;98.26619401583302;12.17492241262967;45.88774102014516;0.7080025828375726;0.7080025811220574
24;CENTRE-VAL-DE-LOIRE;2003-2004;0.5151010982160715;1289.893737031313;95.84741877806123;9.835556345967323;39.8907835590658;0.3512260954882234;0.35122640494260715
94;CORSE;2003-2004;1.4707440563210912;79.42799005530613;120.00767782035794;32.56423402211936;11.047829028663868;5.230133898737387;5.230174335328953
11;ILE-DE-FRANCE;2003-2004;0.8943202185171653;748.3006935000421;98.65329738131567;10.621242333034392;52.75444715122789;0.8646246963625392;0.8646246008210202
76;OCCITANIE;2003-2004;0.642969424992668;1372.8268606742608;96.58986196849129;9.47665252152789;56.04476874711156;0.4467289550430328;0.44672779691844183
32;HAUTS-DE-FRANCE;2003-2004;0.8175797217568965;586.4058847692103;87.74995351719014;13.903848595229114;43.50507320848664;1.1910938541529743;1.1910938526876291
28;NORMANDIE;2003-2004;0.5749290101357516;701.9637908823453;88.7278609061047;17.119381883478106;29.520393583268746;0.831313595885985;0.8313135961977607
52;PAYS-DE-LA-LOIRE;2003-2004;0.6821731424614568;1079.018137691388;94.35446428372693;8.604664947689754;46.57131299667698;0.4288125447246564;0.42887141850286603
93;PROVENCE-ALPES-COTE-D-AZUR;2003-2004;0.8908504710778156;822.4430061751098;104.00520877770386;11.450504625075729;55.38410991486098;0.8903758380597828;0.8903758325718343
44;GRAND EST;2004-2005;0.530306232510436;760.4165562766076;164.0628364900882;17.748737803771967;34.0089128757906;0.9139457458009671;0.890470209629024
75;NOUVELLE-AQUITAINE;2004-2005;0.5609295501990608;805.2464154946634;165.5453125185068;18.82175104067903;36.954998306697874;0.993719174748012;0.9679060476535483
84;AUVERGNE-RHONE-ALPES;2004-2005;0.4579241105718576;1389.0314043349958;158.85524211828076;13.444487494092968;49.870427549394265;0.557648700813683;0.547992055567169
27;BOURGOGNE-FRANCHE-COMTE;2004-2005;0.4936201079969706;555.8571400334538;165.7833091803203;20.142824728897505;22.348418693461028;0.928504999160216;0.9023809165727905
53;BRETAGNE;2004-2005;0.5906988401301796;640.0159857635759;170.2258928157278;24.048940332720168;32.952781370688804;1.4140415777407116;1.3782119248408709
24;CENTRE-VAL-DE-LOIRE;2004-2005;0.6860682562179261;383.91946323631123;169.63246159512238;18.34661791126595;19.163603762384792;1.0575338799597798;1.0414050756796784
94;CORSE;2004-2005;inf;1e-10;357.0;50.0;2.7427296008177e-11;43.0738884718405;27.21598200523441
11;ILE-DE-FRANCE;2004-2005;0.45247602169498113;567.305885428813;162.35955890103816;17.13765380111374;22.236231891279242;0.7729215147464465;0.7516557536926093
76;OCCITANIE;2004-2005;0.5033600744095823;1217.2752315524526;159.4688421039058;9.97014835254073;40.151945538772715;0.3797815917488946;0.37958060699654966
32;HAUTS-DE-FRANCE;2004-2005;0.9534941185893478;826.6293054997279;159.18155114098997;15.429668448251734;63.26083232105334;1.3591939467657128;1.319772094096338
28;NORMANDIE;2004-2005;0.6678153539035508;681.2638758616918;170.05298805464406;16.062600844533144;34.68036987309379;0.9447439677763152;0.9395458446274855
52;PAYS-DE-LA-LOIRE;2004-2005;1.9786698797712543;743.9875404800425;164.28842793619413;17.79784311800175;104.78399621713805;2.886511472822317;2.8133727916262856
93;PROVENCE-ALPES-COTE-D-AZUR;2004-2005;0.5427144307322113;592.9683283703356;160.4023285232654;20.3823131825753;28.16617329949444;1.0939536739159748;1.0647061500980683
44;GRAND EST;2005-2006;0.8259457404685261;526.0458310634174;162.4197667469577;13.222241705892047;51.267847334454544;1.4879761137253107;1.487976117217617
75;NOUVELLE-AQUITAINE;2005-2006;0.58989417676674;176.88534940382672;183.34040321426605;34.69094535062296;12.024661422480198;2.7231182298356766;2.7231182283333513
84;AUVERGNE-RHONE-ALPES;2005-2006;0.6244794530537786;363.76032611655825;177.0327129431821;32.749305240390214;28.84453931837368;2.998608292166147;2.9986082835517887
27;BOURGOGNE-FRANCHE-COMTE;2005-2006;0.8685920930869436;199.23997327255273;153.04272359480586;12.411191426073533;15.22880172641032;1.0953983975607788;1.09539840030027
53;BRETAGNE;2005-2006;0.7001016639797131;753.9951691972527;167.66631844779857;9.767354438335945;43.086744062499974;0.6444985797090516;0.6444966333919437
24;CENTRE-VAL-DE-LOIRE;2005-2006;1.1988903047135095;153.27585604429143;158.8245250780233;31.190905933852772;19.23174223678464;4.518998943722872;4.5189989294520965
94;CORSE;2005-2006;0.3754531176539454;1043.772535208088;198.70796754818107;17.82551557563289;30.34100464721373;0.5983228126993826;0.5983228122907353
11;ILE-DE-FRANCE;2005-2006;0.6036124859958638;398.53280932538706;175.63832529790488;22.47272483958709;22.372585903966243;1.4567237716407364;1.4567237702317972
76;OCCITANIE;2005-2006;0.9163933613167313;304.6905999212329;173.81073313033357;18.22853677506901;22.716845382100896;1.5693150701367802;1.56931506180965
32;HAUTS-DE-FRANCE;2005-2006;0.9249937931977695;324.75823574268986;163.6494320882796;10.197906547471625;28.85500552787499;1.046264051765706;1.0462645524910423
28;NORMANDIE;2005-2006;0.7970316160339879;310.5280846294851;185.13473962988795;26.097982612113597;23.1025204596833;2.2419957629419724;2.241995762518128
52;PAYS-DE-LA-LOIRE;2005-2006;1.1208753637874231;849.5970570963153;168.39658838878634;4.677444673050089;46.92219817420216;0.37018817581383057;0.2749396356835041
93;PROVENCE-ALPES-COTE-D-AZUR;2005-2006;0.7469294113182996;242.33580431456065;172.18079378305504;26.200620963422715;19.70808126000113;2.460411313198042;2.4604113061177233
44;GRAND EST;2006-2007;0.543258091000708;513.9465080027765;166.3513629172919;12.572167707787532;23.544563917533797;0.6650468912168915;0.6650468900258532
75;NOUVELLE-AQUITAINE;2006-2007;0.8610481470231295;894.6314812417679;162.7162974964508;8.060127179723725;58.94861804008718;0.6132598864215183;0.6132477146418155
84;AUVERGNE-RHONE-ALPES;2006-2007;0.4863268381740908;617.6768409758752;156.7494388634082;17.36928084577179;28.4423808524657;0.9235402657077779;0.923540270137645
27;BOURGOGNE-FRANCHE-COMTE;2006-2007;0.685963450688694;707.547605969531;164.69666422553115;10.466633442736827;32.79739378601437;0.5602218077657223;0.5602219429251194
53;BRETAGNE;2006-2007;0.41143207365076406;706.9403587811823;160.1521814417804;12.667988031357787;22.969651288893523;0.4752790189651465;0.47527901835163155
24;CENTRE-VAL-DE-LOIRE;2006-2007;0.5035584246848482;1232.580186760119;156.81526795645888;7.147962911133406;31.403661544344924;0.20975542879170384;0.21087510461465764
94;CORSE;2006-2007;0.5969382746459763;737.213724892232;163.27180585957257;15.901105414690738;38.82619028225769;0.9670035184360356;0.9670035124681453
11;ILE-DE-FRANCE;2006-2007;0.6077366213378153;387.074891270651;161.3412151607904;18.189449315740614;20.34471021728747;1.1039398924285198;1.1039399008233641
76;OCCITANIE;2006-2007;0.43620728651842466;786.7190927003985;159.04547358565975;12.315642756534844;24.5488861419134;0.4437501910120781;0.4437501912623308
32;HAUTS-DE-FRANCE;2006-2007;0.6954191101320211;1027.9625933152793;165.01977669044453;11.990227088244518;46.065260992018274;0.6204303052692313;0.6204303063505724
28;NORMANDIE;2006-2007;0.5953353495160784;535.6445934827016;161.7097203742683;11.002086857714993;20.623180457371145;0.48912894121077405;0.48912892851962486
52;PAYS-DE-LA-LOIRE;2006-2007;1.0098441523964787;371.78421929831904;163.81422749319626;9.05101496172657;26.2038102100107;0.7366054998235907;0.7366264888061678
93;PROVENCE-ALPES-COTE-D-AZUR;2006-2007;0.515091392049919;909.3672556671155;159.6799711490733;13.473238032885542;34.60998468551894;0.592111433563238;0.592111434215522
44;GRAND EST;2007-2008;0.6374789738542478;361.7393871510333;156.1097967511643;32.26144790120294;23.040829523172878;2.475178596676629;2.3735944056205205
75;NOUVELLE-AQUITAINE;2007-2008;0.5804834258423321;514.298752564178;162.25385783696277;12.897970032878932;25.735764451502508;0.7447754688130087;0.7487749455719583
84;AUVERGNE-RHONE-ALPES;2007-2008;0.46038946419012;707.4702435617268;164.97485930173536;24.58306302974514;33.66792551683073;1.3963513832034935;1.427753739807099
27;BOURGOGNE-FRANCHE-COMTE;2007-2008;0.6219558183733813;279.96474549800064;163.55244003126415;24.201411069970618;16.682184915238928;1.7279598688641575;1.7631912374939824
53;BRETAGNE;2007-2008;0.44800935726490926;456.9568484466175;165.86988357305205;17.889545028798292;19.47545968320897;0.8817927641594563;0.903213825952134
24;CENTRE-VAL-DE-LOIRE;2007-2008;0.49955754645925443;378.9860511696632;165.46182960766902;23.881040801054287;17.276160642364196;1.2926927163399218;1.3276866253381394
94;CORSE;2007-2008;0.48692447282294965;690.8583175130065;158.3650042300635;13.388467883966788;27.083928179212414;0.6058273916396276;0.6180806655863802
11;ILE-DE-FRANCE;2007-2008;0.4731344745833838;274.17387562269687;160.4614010482726;32.27625319055242;13.093050687759073;1.8682080077903627;1.8098024547553904
76;OCCITANIE;2007-2008;0.5595256079393119;710.1795313649671;165.9040083216125;12.388463451117957;29.00471971390339;0.5841422520581151;0.5846492601498378
32;HAUTS-DE-FRANCE;2007-2008;0.7657256243499595;647.886658322494;160.36387792350575;16.955352315035608;41.48622555392648;1.2636449454276955;1.3108625799192986
28;NORMANDIE;2007-2008;0.798345312009954;388.7808018891664;163.29247162857783;10.087440082764259;22.180363417322734;0.664518483220199;0.6645669941262389
52;PAYS-DE-LA-LOIRE;2007-2008;0.6082292833730467;529.4516564163309;166.6201148198679;16.492672132281086;29.212558854347748;1.0502262872575483;1.0651860893991676
93;PROVENCE-ALPES-COTE-D-AZUR;2007-2008;0.3783013171592988;600.0241539974827;160.39536339305636;17.449375265425594;18.846544985125593;0.6395537443550012;0.664411450922661
44;GRAND EST;2008-2009;0.34859734493792405;824.4380438307271;146.3848286164167;13.240878408414488;22.315682850352534;0.4138455835381082;0.41384558450074155
75;NOUVELLE-AQUITAINE;2008-2009;0.6895462240515782;694.3530524577667;150.94664889535184;17.32198735098974;41.40503938914714;1.1927239520047876;1.1927239525362607
84;AUVERGNE-RHONE-ALPES;2008-2009;0.4400987229461384;1529.8211416630156;146.0933283748272;12.815830802464696;56.06392546796024;0.5423241945436704;0.5423241953474304
27;BOURGOGNE-FRANCHE-COMTE;2008-2009;0.39788660861875735;973.6428571047397;150.4927809689514;10.39569458146058;24.860423363460182;0.30650083604846656;0.30650093462519445
53;BRETAGNE;2008-2009;0.6581632550212027;903.1240902929351;140.69236985193345;12.048302471812951;49.48985644042436;0.7623668455759132;0.7623668438954971
24;CENTRE-VAL-DE-LOIRE;2008-2009;0.4155390467219128;638.886339130855;137.82730086397137;17.314156688990927;22.414978194084064;0.7014317691750562;0.7014317677197436
94;CORSE;2008-2009;0.4332968954933525;1017.6083977573273;150.97165008215833;14.027615756958923;32.59395043407932;0.5188114469433004;0.5188114485750238
11;ILE-DE-FRANCE;2008-2009;0.3607569007891495;326.3293375704283;133.65702265482722;23.58602673985437;11.139228477603568;0.9296578650934281;0.9296578667489855
76;OCCITANIE;2008-2009;0.8435332773016571;620.4549745899335;151.09830140376843;17.627298290974554;50.501530218850306;1.656721043655899;1.65672104134475
32;HAUTS-DE-FRANCE;2008-2009;1.0684598750807124;1359.291852618368;144.6643827744851;12.047717906237594;104.68565497957509;1.0713925449636426;1.0713925431404274
28;NORMANDIE;2008-2009;0.6971186310836104;876.3499226969342;141.79236347797365;8.703612355313483;37.861284035350494;0.4341961533566389;0.4341978488111809
52;PAYS-DE-LA-LOIRE;2008-2009;1.082473475057452;474.06924929176773;142.53671682699556;9.094858195425138;48.875870493682214;1.0827157252515374;1.0827370405719166
93;PROVENCE-ALPES-COTE-D-AZUR;2008-2009;0.39089470684754135;423.5052058667983;146.90747190442767;24.296444027893926;16.407953435268933;1.0869454450230653;1.0869454534501308
44;GRAND EST;2009-2010;0.6294175893906542;886.1725713711717;97.3325840979312;14.49659663916161;49.98932792913088;0.9354127166268774;0.8999370837501397
75;NOUVELLE-AQUITAINE;2009-2010;0.5372046977390096;575.1841192131333;96.88960062586605;17.57281067874485;27.45041163146872;0.9425843763531858;0.9152730580653079
84;AUVERGNE-RHONE-ALPES;2009-2010;0.5869494920131466;1112.792913786056;96.29606916061138;14.774234433588168;59.08599664637447;0.8987581253037195;0.8662053443547256
27;BOURGOGNE-FRANCHE-COMTE;2009-2010;0.6591590731461835;633.8790476186412;94.3106149870971;15.974981265255513;38.718351689019855;1.1173197079946189;1.0787043959159701
53;BRETAGNE;2009-2010;0.5443465370022853;650.4971464398466;101.26882816676265;16.584776908729708;35.758944299983135;1.008530034873181;0.9919178021598645
24;CENTRE-VAL-DE-LOIRE;2009-2010;0.6646094919002288;663.3442698485248;88.30390586953614;16.0377804804106;36.01488548208949;1.0053234179821524;0.986618299971149
94;CORSE;2009-2010;0.5940309088516241;519.7426758114676;99.96856258570814;14.758617509158045;26.847673018868985;0.8608966768094086;0.8278714333290996
11;ILE-DE-FRANCE;2009-2010;0.3211372236235248;400.6198884836031;71.59923654870208;31.909381977861294;12.931429580104936;1.172891221404229;1.1655102385448772
76;OCCITANIE;2009-2010;0.5988321822016653;836.7252801491952;96.73272939504396;15.183577893930462;47.45579216070191;0.9830583479328716;0.9461094891542218
32;HAUTS-DE-FRANCE;2009-2010;0.895234948224882;765.7589111089876;88.26987116702192;20.144417461439687;69.11122728470492;2.0757445902737155;2.014101710267313
28;NORMANDIE;2009-2010;0.9349276568478903;529.35186723762;93.32821554834429;18.869312651863027;51.44930519153782;2.0753720727686833;2.0128453902714476
52;PAYS-DE-LA-LOIRE;2009-2010;0.5918517893033466;1131.455880082989;99.18718606283058;10.700770089370797;46.09874456104357;0.5038706655579475;0.49475239347034905
93;PROVENCE-ALPES-COTE-D-AZUR;2009-2010;0.7543265957383806;738.2457184390356;93.61911633423384;15.843664968674851;53.061405817737;1.3068826327536904;1.2639988006162062
44;GRAND EST;2010-2011;0.3688976111387278;429.80000686844977;148.07323192005066;21.071992952258626;14.116260888323474;0.7991498830184393;0.7991498834390938
75;NOUVELLE-AQUITAINE;2010-2011;0.30133691219547015;506.0564583547865;144.66764909383465;23.546731488746527;13.67194783221107;0.7345670145278648;0.7345670141214266
84;AUVERGNE-RHONE-ALPES;2010-2011;0.29223185356739806;811.9744508414522;148.74417712315125;18.479487386463997;19.56225317073184;0.5140860279961096;0.5140860281222661
27;BOURGOGNE-FRANCHE-COMTE;2010-2011;0.5306089074552286;247.7158148887036;139.82834103741843;23.652195790417082;12.241725998747585;1.3496767177941162;1.349676719731733
53;BRETAGNE;2010-2011;0.3568265512717495;498.912244102046;136.63381573235955;21.305893888420584;17.37376142465525;0.8567198331808127;0.8567198316643967
24;CENTRE-VAL-DE-LOIRE;2010-2011;0.3181278333330591;635.9184827058815;135.16183555091524;18.586597965862744;15.8545662406331;0.535084279776997;0.5350842824284766
94;CORSE;2010-2011;0.607240381155529;1061.9835700559343;144.92109486838706;12.24064373171844;44.2293926050956;0.5886630886863867;0.5886630873877309
11;ILE-DE-FRANCE;2010-2011;0.40254720925312637;419.6923887685647;124.4892197828289;21.046201728407784;14.799847121044309;0.8569771341259991;0.8569771340159268
76;OCCITANIE;2010-2011;0.3648878991167625;561.0435867840382;146.9216329479417;17.951216287191187;17.598714328008725;0.6502009334071258;0.6502009317665122
32;HAUTS-DE-FRANCE;2010-2011;0.5035819910192129;1143.461129615743;131.33430015139461;11.923192984510731;39.252850802114494;0.4726196143266483;0.47261961520786056
28;NORMANDIE;2010-2011;0.4142975647232352;335.7403184934441;124.43610636096888;18.87185187525099;11.33061002671948;0.7354170310420785;0.7354170351351289
52;PAYS-DE-LA-LOIRE;2010-2011;0.7518740331882967;307.0005911918116;129.90089961920918;22.362044031441574;19.871552703085573;1.671373294976491;1.6713732953607543
93;PROVENCE-ALPES-COTE-D-AZUR;2010-2011;0.27511534662644505;556.1110983042115;147.64664924522518;19.19515888913243;12.804543997839522;0.5103447285280377;0.5103447314952259
44;GRAND EST;2011-2012;0.6353182903489191;283.7465204077982;176.77656236447643;21.774596636478922;17.449329544676882;1.546207188094454;1.5462071859409743
75;NOUVELLE-AQUITAINE;2011-2012;0.5422481441821811;304.67927992539256;181.39804479511216;17.303288820938924;17.18461169559097;1.1269245243555042;1.126924528604447
84;AUVERGNE-RHONE-ALPES;2011-2012;0.42477955267451417;517.7797870167366;173.65051902770085;19.276147420085408;20.288519617881043;0.8721574111717627;0.872157413512038
27;BOURGOGNE-FRANCHE-COMTE;2011-2012;0.7367775103281418;361.8550499043169;175.82460698697034;9.205798833483794;23.51117742867086;0.6906744965556404;0.69066369351137
53;BRETAGNE;2011-2012;0.6477701798070474;253.89321983360918;187.9563512244796;30.706197704878505;24.214732272910886;3.3816135851344;3.3816135861880188
24;CENTRE-VAL-DE-LOIRE;2011-2012;0.6667359151091309;493.84547655859967;176.67724252235308;10.89019477811008;29.77123449920558;0.7580725679817366;0.7580725690384887
94;CORSE;2011-2012;0.7569864241932822;283.2312339274801;178.41565382451864;20.549871904415145;18.341916853575995;1.5366751335168365;1.5366751365557563
11;ILE-DE-FRANCE;2011-2012;0.5604105253308133;355.4817705263846;170.56717868009974;14.323026056897758;17.97130337672977;0.8361157283200293;0.8361157319632435
76;OCCITANIE;2011-2012;0.6609295435280194;460.22232347547487;173.65535996628472;13.638683136905549;28.81328889146766;0.9859774020742847;0.9859774075239759
32;HAUTS-DE-FRANCE;2011-2012;0.6067667645629786;442.12035708961463;175.06089499652762;20.578385260073244;28.622720101303027;1.5383354729242849;1.5383354773148366
28;NORMANDIE;2011-2012;0.5687657447326405;211.2329334251577;176.50299407183508;10.195410574500611;7.884627825087701;0.43943402817803223;0.4394339653888167
52;PAYS-DE-LA-LOIRE;2011-2012;0.9520056872837336;171.09339150459158;190.41155435719722;13.997624798502386;14.821316125836576;1.4001586702197155;1.4001586759064617
93;PROVENCE-ALPES-COTE-D-AZUR;2011-2012;0.419639354370312;627.5892047347654;169.1452822253317;13.210625774513622;20.36968867099076;0.4951099882010815;0.4951099896134786
44;GRAND EST;2012-2013;0.5380162651639615;660.2434675069272;166.19622083773692;19.880037377251487;34.052556159358595;1.1920624288476975;1.2297742250946393
75;NOUVELLE-AQUITAINE;2012-2013;0.4631075407555449;399.5304504174513;165.75128986070504;30.95070585631306;20.331781730281506;1.904876390360687;1.8879754754555935
84;AUVERGNE-RHONE-ALPES;2012-2013;0.3263102608412962;948.9468526890063;163.1962312531856;20.5043155759377;27.653119251532686;0.7027701254740004;0.7280354906734328
27;BOURGOGNE-FRANCHE-COMTE;2012-2013;0.318305810260429;694.6147390896259;164.8219006609084;14.668827764086775;17.06692364532223;0.4158538268427242;0.41950327688845573
53;BRETAGNE;2012-2013;0.4932304870481705;460.69426811015705;170.04989097686757;27.636274003960835;23.777844235633573;1.6941901221035651;1.7284592204238196
24;CENTRE-VAL-DE-LOIRE;2012-2013;0.4342359726954344;833.6643484380753;166.34001315809832;15.823119138424794;29.63616713333793;0.6490607255872902;0.6564082793666002
94;CORSE;2012-2013;0.41684490874464575;847.0280579457391;171.9361343382785;11.233365910817211;23.78745187941636;0.3642746052887584;0.36427633417397215
11;ILE-DE-FRANCE;2012-2013;0.522756286643841;540.991463748691;164.61319733064354;25.918209426981576;27.793249680561143;1.5999840400675729;1.6218897588448
76;OCCITANIE;2012-2013;0.47002075669446625;767.6303126800573;169.60542041602054;20.945144174303294;34.366309420663285;1.087590252871026;1.1173250689263547
32;HAUTS-DE-FRANCE;2012-2013;0.5498871341056855;1171.7399552236711;164.79274491084053;16.83550822802264;60.49242214060729;1.0041928724445213;1.025920153748877
28;NORMANDIE;2012-2013;0.26865512681838727;445.01837949562906;169.59449208678117;18.342122711735588;9.662452746491157;0.4598306103730174;0.46735327624200035
52;PAYS-DE-LA-LOIRE;2012-2013;0.5190411954921115;364.22225062972467;166.77784049281436;23.503732782071644;17.350928363650908;1.320929187974159;1.3608900655740137
93;PROVENCE-ALPES-COTE-D-AZUR;2012-2013;0.49599578209979506;780.5490432740143;165.7639990084722;21.061847565772318;34.790715411479894;1.0980536532899712;1.1353702288945067
44;GRAND EST;2013-2014;0.5444078211333914;364.3218501791285;180.19493923182714;14.265919312360634;15.537944414210406;0.7025503884335762;0.7025503874698701
75;NOUVELLE-AQUITAINE;2013-2014;0.6214189863132085;189.09169417253557;166.54283648477784;21.91212362510895;14.109864078628432;1.8880096928095338;1.8880096870250351
84;AUVERGNE-RHONE-ALPES;2013-2014;0.4759039008638186;356.50114143093725;176.37865970260663;18.700326341905235;15.256077267911243;0.9240607233908794;0.9240607215464616
27;BOURGOGNE-FRANCHE-COMTE;2013-2014;0.7162431334594646;126.28852298653557;173.11541723744335;16.83271151115493;7.998185130252293;1.2309800577771473;1.2309800576120107
53;BRETAGNE;2013-2014;0.7504573638054883;196.72641550783564;182.9167883365371;24.20235098893399;19.19227076982336;2.726406503777608;2.72640648746455
24;CENTRE-VAL-DE-LOIRE;2013-2014;0.6776287857245291;284.24641129291876;175.41315420260264;15.529932770373167;17.06489969062972;1.0765834401131766;1.0765834423220433
94;CORSE;2013-2014;0.5048817894398647;416.5361064714699;177.75154400223144;19.776448905348587;17.885652399875195;0.9805501592980195;0.9805501585382524
11;ILE-DE-FRANCE;2013-2014;0.47963568654720434;189.31358869606134;171.9763068295903;19.19971167580484;8.906954782366777;1.0430653934208582;1.0430653909666279
76;OCCITANIE;2013-2014;0.42310703419941875;406.1191095462591;175.31410865884172;15.065085595502778;13.998401722579628;0.5996060418543909;0.5996060400042028
32;HAUTS-DE-FRANCE;2013-2014;0.6818024058046699;197.37501620451803;183.15398801875398;23.54348130372446;17.087494794344888;2.3535653871665314;2.353565378122615
28;NORMANDIE;2013-2014;0.912874683726339;149.08669783559665;178.19855340341016;13.954312143589618;11.149836621794813;1.2050565019904091;1.2050565049422273
52;PAYS-DE-LA-LOIRE;2013-2014;0.6993510270904478;156.0642495397693;171.20154104799158;17.881681392096578;9.101820447545308;1.204210911179794;1.204210902006245
93;PROVENCE-ALPES-COTE-D-AZUR;2013-2014;0.6046099902188474;408.77790528981325;170.15387279001413;16.888497777030192;20.56910403004731;0.9812696187117553;0.9812696138462484
44;GRAND EST;2014-2015;0.2592466115851361;739.3368778538147;163.21749934924418;17.561618206546388;15.645295944920289;0.42911660028739274;0.4291166025077665
75;NOUVELLE-AQUITAINE;2014-2015;0.38277933167662154;890.6999695446515;161.24096147473858;15.957113839244185;27.40354196468507;0.5668902351347335;0.5668902365361578
84;AUVERGNE-RHONE-ALPES;2014-2015;0.3611239178896525;835.9219830491063;163.3325230820074;18.921979030757512;26.371451497506726;0.689293548799341;0.6892935468877149
27;BOURGOGNE-FRANCHE-COMTE;2014-2015;0.6960983015227133;451.9334504580728;167.9191707201887;15.683324421236286;25.866847880982544;1.0365172087754546;1.0365172084704026
53;BRETAGNE;2014-2015;0.39954080226118177;757.3860456744591;164.29209662103472;16.83580355499462;25.020581610869566;0.6422192524990498;0.6422192515339792
24;CENTRE-VAL-DE-LOIRE;2014-2015;0.3236311988051254;976.0000278299816;165.751172992838;13.706603396654161;23.865074435126544;0.387001080878375;0.38700108056958693
94;CORSE;2014-2015;0.41720867296237873;485.60983768320625;163.82388148463127;20.71268160289822;19.943975115241408;0.9822678854426503;0.9822678860510207
11;ILE-DE-FRANCE;2014-2015;0.3981884019697877;825.7035948533421;160.57996597439737;16.12422255646579;29.3053089282246;0.6608003770960685;0.6608003803723121
76;OCCITANIE;2014-2015;0.2677221813352762;919.9121293101261;165.72951900554332;15.276122032354616;18.462778967118965;0.35402441570637905;0.3540244155193438
32;HAUTS-DE-FRANCE;2014-2015;0.4577254788362019;577.4657762118826;165.94695347171293;20.084845962742282;24.849951658982153;0.998015241214932;0.9980152377464528
28;NORMANDIE;2014-2015;0.5103167002506481;596.2412011682497;160.72564368688063;15.86670151639069;25.216042352578036;0.7748380903749522;0.774838090691637
52;PAYS-DE-LA-LOIRE;2014-2015;0.6796053403174754;800.3858724576979;162.17503731336083;16.06453748881857;46.56116811869785;1.0791008835660334;1.0791008813829202
93;PROVENCE-ALPES-COTE-D-AZUR;2014-2015;0.3772919829670486;1053.1123398560146;165.31620175917973;13.120175278551745;28.5777143745587;0.411113556654058;0.41111355712420194
44;GRAND EST;2015-2016;0.6042519556150395;394.1855548435902;191.3274567104568;21.311631192406153;22.420412800447657;1.3999253622196905;1.3984258826925917
75;NOUVELLE-AQUITAINE;2015-2016;0.48383059169923776;547.6470261390797;198.93081219339996;12.551718678405106;22.063324333231876;0.5839057885875207;0.583905787103276
84;AUVERGNE-RHONE-ALPES;2015-2016;0.45411652020111354;545.9631285308794;173.86997154814782;25.530201922228546;23.029984249205526;1.2323199606529875;1.202918739220293
27;BOURGOGNE-FRANCHE-COMTE;2015-2016;0.7596656833997134;212.7817771041495;190.53438219853672;28.733454132213257;15.870727950759518;2.4728745670819583;2.43969593106624
53;BRETAGNE;2015-2016;0.5578031745427476;340.52350538764716;169.25902645454022;31.309920471666555;18.779770283214607;1.9334996185955104;1.9309789775968942
24;CENTRE-VAL-DE-LOIRE;2015-2016;0.6852043083936064;552.5194185724148;193.24441265283605;16.170767780902406;33.16802414945291;1.120913971382989;1.120911734413012
94;CORSE;2015-2016;0.6315923016786779;182.48595853553186;167.18340105389927;41.30089286011816;14.727398004988032;3.73633736658569;3.82935681696871
11;ILE-DE-FRANCE;2015-2016;0.33510732767295176;408.7912997646048;176.4774095620446;27.161398134946985;13.80830082384917;1.0497379913062466;1.0260154928971814
76;OCCITANIE;2015-2016;0.4057027861794892;335.3661755948653;171.7506539731723;26.873366582327098;12.69967013813827;1.15612519645094;1.1315998471379864
32;HAUTS-DE-FRANCE;2015-2016;0.5432537515518984;624.9804012123651;193.17443469613292;16.17888372961286;30.460062930065078;0.9105054395268822;0.9105035323911943
28;NORMANDIE;2015-2016;0.7693298092670015;596.5895176964533;192.64995406640656;13.01332188678509;39.79878759158451;1.0024247183034534;1.0024247133425863
52;PAYS-DE-LA-LOIRE;2015-2016;0.6639869860997991;453.41235037628593;187.18594383175088;22.33235735773816;27.10603688314145;1.5422884981315945;1.536102956449404
93;PROVENCE-ALPES-COTE-D-AZUR;2015-2016;0.5985526620591097;456.33857599134217;177.7794019344998;29.736814096073036;26.483740690135768;1.9669014099957538;1.9274041563017492
44;GRAND EST;2016-2017;0.40410129638977316;360.42821816859765;135.13219018888464;21.082860225023065;12.276692577027744;0.8292042039060278;0.8292042062422309
75;NOUVELLE-AQUITAINE;2016-2017;0.2910188339599373;325.365658189609;137.33076871345045;22.464299730938666;8.351898497817418;0.6658489986108701;0.665848997661089
84;AUVERGNE-RHONE-ALPES;2016-2017;0.36237454442287836;585.9258763614986;125.36798242425525;19.040439306289628;17.526823560201155;0.6576682420981059;0.6576682426471481
27;BOURGOGNE-FRANCHE-COMTE;2016-2017;0.586858174139345;413.3318858226354;122.23005236889861;18.434978476708206;20.72716753706733;1.0674635480762928;1.0674635485347532
53;BRETAGNE;2016-2017;0.6159681420145037;258.11342142625796;128.7663409754296;26.108928584267677;16.565938864166757;1.9349238870068957;1.9349238912620876
24;CENTRE-VAL-DE-LOIRE;2016-2017;0.5057211920359347;420.3439485394182;139.04040118266275;16.71898525224258;16.57900492642193;0.7614351908199335;0.7614351896631276
94;CORSE;2016-2017;0.4063819594578198;401.29911877821297;132.19047332450646;20.263489933850458;14.547595304444888;0.848216311162225;0.8482163132450765
11;ILE-DE-FRANCE;2016-2017;0.4152260357613339;395.9760555348052;131.97254360728752;19.288309337990786;14.259743328908636;0.802058997678165;0.8020590011315663
76;OCCITANIE;2016-2017;0.3442059909916461;523.2701696040353;133.87435115484274;17.407762927224574;13.930623438224545;0.5351270555077808;0.5351270532080132
32;HAUTS-DE-FRANCE;2016-2017;0.5899047585852395;367.1201783023244;136.1187125216449;20.950283528622137;18.7362094294876;1.234618415328061;1.2346184175832884
28;NORMANDIE;2016-2017;0.4356925841366313;406.7679658646195;135.1549932762079;19.95482161553989;14.414320981532553;0.816515937459401;0.8165159362819499
52;PAYS-DE-LA-LOIRE;2016-2017;0.9176122141432232;377.63921231033237;140.84525107689578;19.687183680630422;28.010869803410685;1.6861743414287738;1.6861743368617983
93;PROVENCE-ALPES-COTE-D-AZUR;2016-2017;0.29660485314795754;681.1806510869116;133.80123074145368;18.999829321239535;16.42486141903416;0.5290034232413412;0.5290034243776683
44;GRAND EST;2017-2018;0.3550947207610179;342.99674468564194;151.6359554259991;33.893633532420125;12.3168398275326;1.405389787180832;1.4053898093061445
75;NOUVELLE-AQUITAINE;2017-2018;0.7318770608623645;301.7577440403924;131.32625171939918;30.96194492470268;22.920265771829428;2.715556335939075;2.7155566541181932
84;AUVERGNE-RHONE-ALPES;2017-2018;0.537619895463494;422.82778434207717;134.8215514443168;27.9612197299523;22.53612525895264;1.7208428518043497;1.7208428578238975
27;BOURGOGNE-FRANCHE-COMTE;2017-2018;0.5060572537057731;282.05212794727083;136.0373863620146;20.066881242278725;13.59601899860773;1.1169445994642382;1.116944602476775
53;BRETAGNE;2017-2018;0.587290238463004;281.69919387888484;131.3670729714391;35.87604726854646;20.745595612376466;3.0507965684685114;3.0508266105369453
24;CENTRE-VAL-DE-LOIRE;2017-2018;0.5942655387209523;270.9912310507466;132.60394884567808;30.77907812856024;16.078270843273803;2.108672201706402;2.108672348498177
94;CORSE;2017-2018;0.44801509957324526;313.8564689983141;155.2106106898678;25.536912069415745;13.730661646588496;1.2900250150188977;1.2900250178803039
11;ILE-DE-FRANCE;2017-2018;0.6889688333914049;314.41780501329214;121.85712035795919;24.52804433495163;22.571511887113456;2.033226739521741;2.033226734933722
76;OCCITANIE;2017-2018;0.5419592282149711;328.18320852104904;133.8375688136295;26.356385790222557;16.497198008857684;1.5298507220136877;1.5298507218290713
32;HAUTS-DE-FRANCE;2017-2018;0.47777009159640244;373.0129074023813;147.82649329868676;33.10759773922594;17.744442010634604;1.8185930393429477;1.8185930783118058
28;NORMANDIE;2017-2018;0.46868434762951733;342.51777661069707;146.8422293924288;35.9760150765965;16.318101817953178;1.979105273053589;1.979106222284295
52;PAYS-DE-LA-LOIRE;2017-2018;0.555675407055908;288.3950572777921;145.98418959495487;34.24219690773186;15.929504906980737;2.1839638375227133;2.1839640855893574
93;PROVENCE-ALPES-COTE-D-AZUR;2017-2018;0.5955448154981396;549.8736703750025;132.95154828614605;27.453730991501107;30.981341233913977;1.7861093066356588;1.7861093046090655
44;GRAND EST;2018-2019;0.4102268746878959;544.7407502302592;167.55271401153757;14.175751535806548;17.949710972593916;0.5391360454002636;0.5407300716565421
75;NOUVELLE-AQUITAINE;2018-2019;0.4465982506759694;812.9614139056923;167.2509915506486;12.311421032712582;24.948375787944325;0.43622665040050307;0.4364202517955779
84;AUVERGNE-RHONE-ALPES;2018-2019;0.3319084172363055;728.18273754303;167.64473104905034;12.058594473158315;17.934372012774013;0.34291697541037114;0.3430050986318141
27;BOURGOGNE-FRANCHE-COMTE;2018-2019;0.26015659304811517;429.97867233525784;167.79279999703954;11.716069785449793;7.6277036732471135;0.23998575038809322;0.24001868639904123
53;BRETAGNE;2018-2019;0.5659656883119843;423.73938690462;168.0925294116093;14.07441553432308;24.076018082215864;0.9230671995290132;0.9251834052691449
24;CENTRE-VAL-DE-LOIRE;2018-2019;0.4752141482476964;504.76644702118847;164.83775223011352;11.086415372389844;17.862423766284248;0.45299279587207336;0.45308822577169
94;CORSE;2018-2019;0.5087442058096788;402.90290839408976;164.1506391439424;17.23669044352394;19.622013822454488;0.9711852946596367;0.9965704836427209
11;ILE-DE-FRANCE;2018-2019;0.35758471900682637;471.5268095210017;160.94845663177313;14.119454941760258;13.459158654973331;0.4650723144679588;0.47256236644398
76;OCCITANIE;2018-2019;0.30070630167717843;714.9084466193982;165.25666457539532;14.078169933260721;16.430428064383857;0.37336786684359835;0.3753736762432137
32;HAUTS-DE-FRANCE;2018-2019;0.4508804556886829;558.8232659258181;166.72699952713242;12.551203195300037;20.27040320725637;0.525631888603749;0.5260307690511553
28;NORMANDIE;2018-2019;0.42432398911137553;625.4888047496394;166.1196348661173;11.8681397210677;20.494300208082542;0.4489849886646584;0.4491608412521293
52;PAYS-DE-LA-LOIRE;2018-2019;0.7282410044637919;350.00224520770365;167.34766964393785;17.513190395510392;22.17894260599927;1.2815063426032145;1.3044643287347657
93;PROVENCE-ALPES-COTE-D-AZUR;2018-2019;0.473801422135527;653.7973520971988;165.9608713327839;13.835565491364688;24.953360413219478;0.6094469761223696;0.6116650409834872
44;GRAND EST;2019-2020;0.6265527993076562;252.33399418419125;189.0228200741638;32.54200835624609;15.94775511929709;2.3748572942535953;2.3748572830058667
75;NOUVELLE-AQUITAINE;2019-2020;0.4588507815666279;389.5462293900247;170.82991988236626;19.16080580680534;16.31085458741954;0.9264049145983719;0.9264049118127781
84;AUVERGNE-RHONE-ALPES;2019-2020;0.3569050170372272;351.83334480771106;178.63404150126792;24.20683743944152;11.719601562008897;0.9310720169084491;0.9310720170520803
27;BOURGOGNE-FRANCHE-COMTE;2019-2020;0.5811224962285301;323.44460301471963;177.5087767408061;16.939084183283278;15.968647809538993;0.9656673109482783;0.9656673102653506
53;BRETAGNE;2019-2020;0.48121110607136136;315.4496354784265;173.57150679187217;21.24827077518483;14.570499564741192;1.13328039104847;1.133280390846188
24;CENTRE-VAL-DE-LOIRE;2019-2020;0.45200115229329463;203.3491321820089;180.30107479563188;29.42738462639951;9.46282819212671;1.58124682766495;1.581246830274453
94;CORSE;2019-2020;0.8098468057838266;234.9367663923634;165.04428379867943;13.525938189309842;20.614300718206408;1.3704222108452275;1.3704222084100663
11;ILE-DE-FRANCE;2019-2020;0.8374181664648018;213.92778009646648;179.53392468505214;41.831304920902966;19.48554568207736;4.399629998017001;4.399630612845596
76;OCCITANIE;2019-2020;0.4993803145745813;194.05654341296886;176.19942387050963;36.713679233973934;10.618623291144573;2.319728730151053;2.3197287353403095
32;HAUTS-DE-FRANCE;2019-2020;0.35936775279145045;226.49748753790738;179.65446929771917;31.401693104268798;8.965987688848017;1.4353479219345109;1.4353479200296508
28;NORMANDIE;2019-2020;0.5972491020641141;140.1461599888313;182.43077522651637;35.603493498460544;9.659095186691939;2.833460922059244;2.833460923834929
52;PAYS-DE-LA-LOIRE;2019-2020;0.7241429454559098;346.1887033332954;171.07504979731553;14.06841276645823;25.686804985057865;1.20534582756459;1.205345826479803
93;PROVENCE-ALPES-COTE-D-AZUR;2019-2020;0.4033320655545961;405.227706772836;172.50127310233552;25.549049476437144;15.649424337644735;1.1393137866753047;1.1393137891699432
44;GRAND EST;2020-2021;0.6366165266464694;47.84078686187341;109.22817310164706;99.99999999997986;4.875891436964826;14.75570307553756;16.454053702389107
75;NOUVELLE-AQUITAINE;2020-2021;0.4742643320165503;25.619200715427397;117.03342627773833;99.99999999999979;2.0673073186820665;11.159665905547032;12.550156519900353
84;AUVERGNE-RHONE-ALPES;2020-2021;0.7487698980634171;89.35343004134218;60.39215715404322;20.50066826127117;9.765448711801444;2.5871845556981485;2.5868014294057486
27;BOURGOGNE-FRANCHE-COMTE;2020-2021;0.6615347525550239;28.850131273325644;104.68617124674033;99.99999999988447;2.929339503825328;15.154275280142189;16.785655544776013
53;BRETAGNE;2020-2021;0.5897698627986631;31.473474437804438;129.1787405316587;99.99999999999999;3.271448567922715;13.576251567440098;15.384891032466884
24;CENTRE-VAL-DE-LOIRE;2020-2021;0.45025399902114516;30.31890833956441;121.33786387001653;98.06690627946769;2.123982530092226;9.2009487763351;10.34682825320349
94;CORSE;2020-2021;0.6367320532026934;18.79594204010834;131.65914555072325;99.99999999999999;2.0237465202770912;13.925116508255005;15.795984861192446
11;ILE-DE-FRANCE;2020-2021;0.6044385115897973;39.53410079443248;143.22471501475357;99.99999999999999;4.003499701964442;12.595539501941364;14.335930025038227
76;OCCITANIE;2020-2021;0.5320901392438271;32.271168119671486;100.3385933499474;99.99999999999999;2.951124894798409;14.091235406480445;15.486262872917868
32;HAUTS-DE-FRANCE;2020-2021;0.5496277163515089;29.577619684535303;85.97507332102616;99.99999999999916;2.554219276706159;15.100271526234092;15.983956081581258
28;NORMANDIE;2020-2021;0.5983793094669466;21.818572758622476;53.45632862890825;99.99999999996375;1.8633103707561534;22.00921824519633;19.913681203074923
52;PAYS-DE-LA-LOIRE;2020-2021;0.577425801470972;44.90600486382659;111.65982690034447;99.9999999999996;4.015114877308708;12.750695912701898;14.261318938559134
93;PROVENCE-ALPES-COTE-D-AZUR;2020-2021;0.5864874948108156;46.54510953129638;106.01360132454393;99.99999999997075;4.608201319167988;14.64127402730617;16.251654750072426
44;GRAND EST;2021-2022;0.64683276582987;246.20156256431966;210.27833660972308;18.1963605298538;21.64207624556762;1.8469792731329695;1.846979270478449
75;NOUVELLE-AQUITAINE;2021-2022;0.6371057776353264;477.90188062500505;209.81249962076032;13.364926137647464;34.435602303088054;1.1120002307472265;1.1120002335806611
84;AUVERGNE-RHONE-ALPES;2021-2022;0.6428561133196765;230.66086440848082;207.17385319355407;19.85465554777309;19.951208849100688;1.9830196899061103;1.9830196936749378
27;BOURGOGNE-FRANCHE-COMTE;2021-2022;0.6087301101104058;202.7222862742456;207.0784294750921;17.829371627763226;15.723775473484409;1.5968375833936923;1.5968375855857377
53;BRETAGNE;2021-2022;0.6661375158924118;290.0411615175121;210.22347251665764;17.610336022914026;27.125718646646185;1.9017727926821544;1.9017727808894047
24;CENTRE-VAL-DE-LOIRE;2021-2022;0.730820851163688;261.0549185294513;208.4177339589621;15.062066936386742;25.52330775163423;1.700431023014138;1.700431024870312
94;CORSE;2021-2022;0.8212963759324896;396.728230092979;210.0695628574603;15.210238477148902;40.56543585718106;1.795843283493612;1.7958432865621068
11;ILE-DE-FRANCE;2021-2022;0.739183668794691;83.0328174855019;184.60103631781058;79.45488593936209;9.579748625132874;10.562124178597031;10.93459978000934
76;OCCITANIE;2021-2022;0.786496427286683;159.19922830052099;178.86566338791127;73.83755128580619;18.69659817605204;9.994368141990446;10.17804808110169
32;HAUTS-DE-FRANCE;2021-2022;0.830421933167319;106.6689309265146;195.1490546965147;55.54708660148551;12.661454948798646;7.611993430240817;7.619733911560781
28;NORMANDIE;2021-2022;0.6697585526513106;96.92685465772477;209.36295328864279;23.901442825483077;8.250421101066593;2.3492297047737645;2.3492296976831524
52;PAYS-DE-LA-LOIRE;2021-2022;0.7522856048312271;167.86081126072264;196.88368417953384;44.61104757003101;17.449469821136073;5.354794968703787;5.3548943283200545
93;PROVENCE-ALPES-COTE-D-AZUR;2021-2022;0.6676869025434807;296.67792164245276;189.98076187736746;46.92390464656088;27.42848087770293;5.0093070759765945;5.00942668772806
44;GRAND EST;2022-2023;0.550402056110755;160.91908097238772;137.21045527248342;70.4405709382646;13.087887512929989;6.627389596688863;6.892011106294496
75;NOUVELLE-AQUITAINE;2022-2023;0.5047157059235764;227.97455274035653;121.8014489754765;59.63077074413665;16.477852718975996;4.977694269442859;5.125818746116432
84;AUVERGNE-RHONE-ALPES;2022-2023;0.4536581552187278;173.10613545681636;134.98122060600613;61.01232016014985;10.732337744562626;4.364091375276881;4.44180548600473
27;BOURGOGNE-FRANCHE-COMTE;2022-2023;0.3890521344308767;140.5645291652102;129.7084498014942;76.4429075532681;8.15868267524047;5.1948104570128635;5.5666693094255635
53;BRETAGNE;2022-2023;0.6425114032066602;465.03045738931075;104.02885137682556;15.540623395130973;36.43321658580688;1.4058983618499676;1.4058983634253823
24;CENTRE-VAL-DE-LOIRE;2022-2023;0.6710431087306569;226.27081540156354;108.68264386847693;33.50988391011807;19.966417634021095;3.4143028340787653;3.4147458342406867
94;CORSE;2022-2023;0.593166560948913;167.90961051713236;136.73630121726995;69.51516519254551;14.824564306798425;7.096910444311183;7.36537732026341
11;ILE-DE-FRANCE;2022-2023;0.6656597104049145;159.2912124479551;111.48678845876485;42.995217722942655;14.878131377530252;4.634663742478002;4.652704447797148
76;OCCITANIE;2022-2023;0.4648760191457607;247.82216926166245;129.05165630726574;52.417250481134886;15.645396293520726;3.8181844230520117;3.8451195674412375
32;HAUTS-DE-FRANCE;2022-2023;0.7700798303822353;452.7553847637247;108.72993073664139;11.746664949143284;42.458161886208764;1.2719836138994558;1.2719836082282931
28;NORMANDIE;2022-2023;0.8904310514164058;625.1359298097237;104.47900195601429;3.994021178952319;42.38888351631046;0.4930181701051251;0.309008415966099
52;PAYS-DE-LA-LOIRE;2022-2023;0.716876746660969;421.2617308731301;106.25427766172318;10.936217053297142;33.52103030705928;1.0048514053581878;1.0048513881262389
93;PROVENCE-ALPES-COTE-D-AZUR;2022-2023;0.37929022181123795;347.5407922140751;126.31643570325778;52.94111101188557;17.64009418048521;3.1001019174129296;3.1293332500700175
44;GRAND EST;2023-2024;0.4048428082047245;260.61578770389895;128.39930954166576;67.82784683967127;17.934266900594377;5.404559807309315;5.663185201409738
75;NOUVELLE-AQUITAINE;2023-2024;0.5527059316583963;271.4616527821666;139.12551275954544;52.142623716473196;23.768135599786405;5.269306136540821;5.28560118973701
84;AUVERGNE-RHONE-ALPES;2023-2024;0.384622838921092;251.67713638445463;136.3669902934201;47.44555633508883;14.838105816291533;3.22934912735964;3.2330049758847985
27;BOURGOGNE-FRANCHE-COMTE;2023-2024;0.4907735566108694;202.9224336518138;127.49500108934201;54.48784683880177;15.269435465155555;4.729923261725849;4.783294685806665
53;BRETAGNE;2023-2024;0.5429320657226193;183.38671509831013;121.44562253514552;86.52829624282177;18.400022752846887;10.591127474410563;12.054706974432987
24;CENTRE-VAL-DE-LOIRE;2023-2024;0.521794139249493;231.50403764740332;123.85083039135797;54.066923936207296;19.207540488293784;5.1748773311232465;5.243993695537343
94;CORSE;2023-2024;0.48929209216443936;235.01689445339414;133.26992538139288;48.43982376086128;17.261922471800986;4.106990976478531;4.1153468568973945
11;ILE-DE-FRANCE;2023-2024;0.4106182945981239;197.5862985469962;129.73790431691003;61.23104946096888;13.524660388833622;4.83665623597971;4.9552443810059215
76;OCCITANIE;2023-2024;0.38267331552422085;292.57031680807796;131.58181601571636;45.60934280282081;17.172299275142954;3.0905950049304014;3.093846779078452
32;HAUTS-DE-FRANCE;2023-2024;0.3827094398443543;222.0375706159537;119.82436896062981;61.349701770375205;13.936365471709832;4.453280442682223;4.6247148154435855
28;NORMANDIE;2023-2024;0.5737100140253252;55.22803165984394;142.0223785756855;61.16547510780493;5.272043091020518;6.733858741044404;6.82737887789798
52;PAYS-DE-LA-LOIRE;2023-2024;0.6317169677274616;246.6017782937969;137.48020790302348;43.304914295554;23.33760778916079;4.732023622644238;4.733087883852863
93;PROVENCE-ALPES-COTE-D-AZUR;2023-2024;0.4312696991413643;281.03301830117346;116.12177666607087;54.28658407562695;19.06556749282189;4.249865693630913;4.343140411293455
